2026-03-20 21:57:45,381 | __main__ | INFO | TradingBot initialized
2026-03-20 21:57:45,382 | __main__ | INFO | Starting RECON HFT Trading Bot
2026-03-20 21:57:45,382 | __main__ | WARNING | ⚠️  DRY RUN MODE - No real orders will be placed
2026-03-20 21:57:46,367 | __main__ | INFO | Starting trading loop
2026-03-20 21:57:46,773 | polymarket | ERROR | Market discovery failed: 'list' object has no attribute 'get'
2026-03-20 21:57:46,773 | __main__ | INFO | Discovered 0 BTC markets
2026-03-20 21:57:47,291 | httpx | INFO | HTTP Request: POST https://api.telegram.org/bot7377493035:AAGj7givCiG02bio_4TnVxLxV31fuOUHzqc/getMe "HTTP/1.1 200 OK"
2026-03-20 21:57:47,458 | httpx | INFO | HTTP Request: POST https://api.telegram.org/bot7377493035:AAGj7givCiG02bio_4TnVxLxV31fuOUHzqc/deleteWebhook "HTTP/1.1 200 OK"
2026-03-20 21:57:47,459 | telegram_bot | INFO | Telegram bot started
2026-03-20 21:57:52,149 | httpx | INFO | HTTP Request: POST https://api.telegram.org/bot7377493035:AAGj7givCiG02bio_4TnVxLxV31fuOUHzqc/getUpdates "HTTP/1.1 409 Conflict"
2026-03-20 21:57:52,150 | telegram.ext.Updater | ERROR | Exception happened while polling for updates.
Traceback (most recent call last):
  File "/usr/local/python/3.12.1/lib/python3.12/site-packages/telegram/ext/_utils/networkloop.py", line 161, in network_retry_loop
    await do_action()
  File "/usr/local/python/3.12.1/lib/python3.12/site-packages/telegram/ext/_utils/networkloop.py", line 154, in do_action
    action_cb_task.result()
  File "/usr/local/python/3.12.1/lib/python3.12/site-packages/telegram/ext/_updater.py", line 340, in polling_action_cb
    updates = await self.bot.get_updates(
              ^^^^^^^^^^^^^^^^^^^^^^^^^^^
  File "/usr/local/python/3.12.1/lib/python3.12/site-packages/telegram/ext/_extbot.py", line 672, in get_updates
    updates = await super().get_updates(
              ^^^^^^^^^^^^^^^^^^^^^^^^^^
  File "/usr/local/python/3.12.1/lib/python3.12/site-packages/telegram/_bot.py", line 4865, in get_updates
    await self._post(
  File "/usr/local/python/3.12.1/lib/python3.12/site-packages/telegram/_bot.py", line 704, in _post
    return await self._do_post(
           ^^^^^^^^^^^^^^^^^^^^
  File "/usr/local/python/3.12.1/lib/python3.12/site-packages/telegram/ext/_extbot.py", line 370, in _do_post
    return await super()._do_post(
           ^^^^^^^^^^^^^^^^^^^^^^^
  File "/usr/local/python/3.12.1/lib/python3.12/site-packages/telegram/_bot.py", line 733, in _do_post
    result = await request.post(
             ^^^^^^^^^^^^^^^^^^^
  File "/usr/local/python/3.12.1/lib/python3.12/site-packages/telegram/request/_baserequest.py", line 198, in post
    result = await self._request_wrapper(
             ^^^^^^^^^^^^^^^^^^^^^^^^^^^^
  File "/usr/local/python/3.12.1/lib/python3.12/site-packages/telegram/request/_baserequest.py", line 375, in _request_wrapper
    raise exception
telegram.error.Conflict: Conflict: terminated by other getUpdates request; make sure that only one bot instance is running
2026-03-20 21:57:54,958 | __main__ | INFO | Shutdown signal received
2026-03-20 21:57:57,995 | httpx | INFO | HTTP Request: POST https://api.telegram.org/bot7377493035:AAGj7givCiG02bio_4TnVxLxV31fuOUHzqc/getUpdates "HTTP/1.1 409 Conflict"
2026-03-20 21:57:57,996 | telegram.ext.Updater | ERROR | Exception happened while polling for updates.
Traceback (most recent call last):
  File "/usr/local/python/3.12.1/lib/python3.12/site-packages/telegram/ext/_utils/networkloop.py", line 161, in network_retry_loop
    await do_action()
  File "/usr/local/python/3.12.1/lib/python3.12/site-packages/telegram/ext/_utils/networkloop.py", line 154, in do_action
    action_cb_task.result()
  File "/usr/local/python/3.12.1/lib/python3.12/site-packages/telegram/ext/_updater.py", line 340, in polling_action_cb
    updates = await self.bot.get_updates(
              ^^^^^^^^^^^^^^^^^^^^^^^^^^^
  File "/usr/local/python/3.12.1/lib/python3.12/site-packages/telegram/ext/_extbot.py", line 672, in get_updates
    updates = await super().get_updates(
              ^^^^^^^^^^^^^^^^^^^^^^^^^^
  File "/usr/local/python/3.12.1/lib/python3.12/site-packages/telegram/_bot.py", line 4865, in get_updates
    await self._post(
  File "/usr/local/python/3.12.1/lib/python3.12/site-packages/telegram/_bot.py", line 704, in _post
    return await self._do_post(
           ^^^^^^^^^^^^^^^^^^^^
  File "/usr/local/python/3.12.1/lib/python3.12/site-packages/telegram/ext/_extbot.py", line 370, in _do_post
    return await super()._do_post(
           ^^^^^^^^^^^^^^^^^^^^^^^
  File "/usr/local/python/3.12.1/lib/python3.12/site-packages/telegram/_bot.py", line 733, in _do_post
    result = await request.post(
             ^^^^^^^^^^^^^^^^^^^
  File "/usr/local/python/3.12.1/lib/python3.12/site-packages/telegram/request/_baserequest.py", line 198, in post
    result = await self._request_wrapper(
             ^^^^^^^^^^^^^^^^^^^^^^^^^^^^
  File "/usr/local/python/3.12.1/lib/python3.12/site-packages/telegram/request/_baserequest.py", line 375, in _request_wrapper
    raise exception
telegram.error.Conflict: Conflict: terminated by other getUpdates request; make sure that only one bot instance is running
2026-03-20 21:58:05,106 | httpx | INFO | HTTP Request: POST https://api.telegram.org/bot7377493035:AAGj7givCiG02bio_4TnVxLxV31fuOUHzqc/getUpdates "HTTP/1.1 409 Conflict"
2026-03-20 21:58:05,106 | telegram.ext.Updater | ERROR | Exception happened while polling for updates.
Traceback (most recent call last):
  File "/usr/local/python/3.12.1/lib/python3.12/site-packages/telegram/ext/_utils/networkloop.py", line 161, in network_retry_loop
    await do_action()
  File "/usr/local/python/3.12.1/lib/python3.12/site-packages/telegram/ext/_utils/networkloop.py", line 154, in do_action
    action_cb_task.result()
  File "/usr/local/python/3.12.1/lib/python3.12/site-packages/telegram/ext/_updater.py", line 340, in polling_action_cb
    updates = await self.bot.get_updates(
              ^^^^^^^^^^^^^^^^^^^^^^^^^^^
  File "/usr/local/python/3.12.1/lib/python3.12/site-packages/telegram/ext/_extbot.py", line 672, in get_updates
    updates = await super().get_updates(
              ^^^^^^^^^^^^^^^^^^^^^^^^^^
  File "/usr/local/python/3.12.1/lib/python3.12/site-packages/telegram/_bot.py", line 4865, in get_updates
    await self._post(
  File "/usr/local/python/3.12.1/lib/python3.12/site-packages/telegram/_bot.py", line 704, in _post
    return await self._do_post(
           ^^^^^^^^^^^^^^^^^^^^
  File "/usr/local/python/3.12.1/lib/python3.12/site-packages/telegram/ext/_extbot.py", line 370, in _do_post
    return await super()._do_post(
           ^^^^^^^^^^^^^^^^^^^^^^^
  File "/usr/local/python/3.12.1/lib/python3.12/site-packages/telegram/_bot.py", line 733, in _do_post
    result = await request.post(
             ^^^^^^^^^^^^^^^^^^^
  File "/usr/local/python/3.12.1/lib/python3.12/site-packages/telegram/request/_baserequest.py", line 198, in post
    result = await self._request_wrapper(
             ^^^^^^^^^^^^^^^^^^^^^^^^^^^^
  File "/usr/local/python/3.12.1/lib/python3.12/site-packages/telegram/request/_baserequest.py", line 375, in _request_wrapper
    raise exception
telegram.error.Conflict: Conflict: terminated by other getUpdates request; make sure that only one bot instance is running
2026-03-20 21:58:11,076 | httpx | INFO | HTTP Request: POST https://api.telegram.org/bot7377493035:AAGj7givCiG02bio_4TnVxLxV31fuOUHzqc/getUpdates "HTTP/1.1 409 Conflict"
2026-03-20 21:58:11,077 | telegram.ext.Updater | ERROR | Exception happened while polling for updates.
Traceback (most recent call last):
  File "/usr/local/python/3.12.1/lib/python3.12/site-packages/telegram/ext/_utils/networkloop.py", line 161, in network_retry_loop
    await do_action()
  File "/usr/local/python/3.12.1/lib/python3.12/site-packages/telegram/ext/_utils/networkloop.py", line 154, in do_action
    action_cb_task.result()
  File "/usr/local/python/3.12.1/lib/python3.12/site-packages/telegram/ext/_updater.py", line 340, in polling_action_cb
    updates = await self.bot.get_updates(
              ^^^^^^^^^^^^^^^^^^^^^^^^^^^
  File "/usr/local/python/3.12.1/lib/python3.12/site-packages/telegram/ext/_extbot.py", line 672, in get_updates
    updates = await super().get_updates(
              ^^^^^^^^^^^^^^^^^^^^^^^^^^
  File "/usr/local/python/3.12.1/lib/python3.12/site-packages/telegram/_bot.py", line 4865, in get_updates
    await self._post(
  File "/usr/local/python/3.12.1/lib/python3.12/site-packages/telegram/_bot.py", line 704, in _post
    return await self._do_post(
           ^^^^^^^^^^^^^^^^^^^^
  File "/usr/local/python/3.12.1/lib/python3.12/site-packages/telegram/ext/_extbot.py", line 370, in _do_post
    return await super()._do_post(
           ^^^^^^^^^^^^^^^^^^^^^^^
  File "/usr/local/python/3.12.1/lib/python3.12/site-packages/telegram/_bot.py", line 733, in _do_post
    result = await request.post(
             ^^^^^^^^^^^^^^^^^^^
  File "/usr/local/python/3.12.1/lib/python3.12/site-packages/telegram/request/_baserequest.py", line 198, in post
    result = await self._request_wrapper(
             ^^^^^^^^^^^^^^^^^^^^^^^^^^^^
  File "/usr/local/python/3.12.1/lib/python3.12/site-packages/telegram/request/_baserequest.py", line 375, in _request_wrapper
    raise exception
telegram.error.Conflict: Conflict: terminated by other getUpdates request; make sure that only one bot instance is running
2026-03-20 21:58:20,200 | httpx | INFO | HTTP Request: POST https://api.telegram.org/bot7377493035:AAGj7givCiG02bio_4TnVxLxV31fuOUHzqc/getUpdates "HTTP/1.1 409 Conflict"
2026-03-20 21:58:20,200 | telegram.ext.Updater | ERROR | Exception happened while polling for updates.
Traceback (most recent call last):
  File "/usr/local/python/3.12.1/lib/python3.12/site-packages/telegram/ext/_utils/networkloop.py", line 161, in network_retry_loop
    await do_action()
  File "/usr/local/python/3.12.1/lib/python3.12/site-packages/telegram/ext/_utils/networkloop.py", line 154, in do_action
    action_cb_task.result()
  File "/usr/local/python/3.12.1/lib/python3.12/site-packages/telegram/ext/_updater.py", line 340, in polling_action_cb
    updates = await self.bot.get_updates(
              ^^^^^^^^^^^^^^^^^^^^^^^^^^^
  File "/usr/local/python/3.12.1/lib/python3.12/site-packages/telegram/ext/_extbot.py", line 672, in get_updates
    updates = await super().get_updates(
              ^^^^^^^^^^^^^^^^^^^^^^^^^^
  File "/usr/local/python/3.12.1/lib/python3.12/site-packages/telegram/_bot.py", line 4865, in get_updates
    await self._post(
  File "/usr/local/python/3.12.1/lib/python3.12/site-packages/telegram/_bot.py", line 704, in _post
    return await self._do_post(
           ^^^^^^^^^^^^^^^^^^^^
  File "/usr/local/python/3.12.1/lib/python3.12/site-packages/telegram/ext/_extbot.py", line 370, in _do_post
    return await super()._do_post(
           ^^^^^^^^^^^^^^^^^^^^^^^
  File "/usr/local/python/3.12.1/lib/python3.12/site-packages/telegram/_bot.py", line 733, in _do_post
    result = await request.post(
             ^^^^^^^^^^^^^^^^^^^
  File "/usr/local/python/3.12.1/lib/python3.12/site-packages/telegram/request/_baserequest.py", line 198, in post
    result = await self._request_wrapper(
             ^^^^^^^^^^^^^^^^^^^^^^^^^^^^
  File "/usr/local/python/3.12.1/lib/python3.12/site-packages/telegram/request/_baserequest.py", line 375, in _request_wrapper
    raise exception
telegram.error.Conflict: Conflict: terminated by other getUpdates request; make sure that only one bot instance is running
2026-03-20 21:58:33,886 | httpx | INFO | HTTP Request: POST https://api.telegram.org/bot7377493035:AAGj7givCiG02bio_4TnVxLxV31fuOUHzqc/getUpdates "HTTP/1.1 409 Conflict"
2026-03-20 21:58:33,886 | telegram.ext.Updater | ERROR | Exception happened while polling for updates.
Traceback (most recent call last):
  File "/usr/local/python/3.12.1/lib/python3.12/site-packages/telegram/ext/_utils/networkloop.py", line 161, in network_retry_loop
    await do_action()
  File "/usr/local/python/3.12.1/lib/python3.12/site-packages/telegram/ext/_utils/networkloop.py", line 154, in do_action
    action_cb_task.result()
  File "/usr/local/python/3.12.1/lib/python3.12/site-packages/telegram/ext/_updater.py", line 340, in polling_action_cb
    updates = await self.bot.get_updates(
              ^^^^^^^^^^^^^^^^^^^^^^^^^^^
  File "/usr/local/python/3.12.1/lib/python3.12/site-packages/telegram/ext/_extbot.py", line 672, in get_updates
    updates = await super().get_updates(
              ^^^^^^^^^^^^^^^^^^^^^^^^^^
  File "/usr/local/python/3.12.1/lib/python3.12/site-packages/telegram/_bot.py", line 4865, in get_updates
    await self._post(
  File "/usr/local/python/3.12.1/lib/python3.12/site-packages/telegram/_bot.py", line 704, in _post
    return await self._do_post(
           ^^^^^^^^^^^^^^^^^^^^
  File "/usr/local/python/3.12.1/lib/python3.12/site-packages/telegram/ext/_extbot.py", line 370, in _do_post
    return await super()._do_post(
           ^^^^^^^^^^^^^^^^^^^^^^^
  File "/usr/local/python/3.12.1/lib/python3.12/site-packages/telegram/_bot.py", line 733, in _do_post
    result = await request.post(
             ^^^^^^^^^^^^^^^^^^^
  File "/usr/local/python/3.12.1/lib/python3.12/site-packages/telegram/request/_baserequest.py", line 198, in post
    result = await self._request_wrapper(
             ^^^^^^^^^^^^^^^^^^^^^^^^^^^^
  File "/usr/local/python/3.12.1/lib/python3.12/site-packages/telegram/request/_baserequest.py", line 375, in _request_wrapper
    raise exception
telegram.error.Conflict: Conflict: terminated by other getUpdates request; make sure that only one bot instance is running
2026-03-20 21:58:46,779 | __main__ | INFO | Shutting down bot...
2026-03-20 21:58:47,284 | httpx | INFO | HTTP Request: POST https://api.telegram.org/bot7377493035:AAGj7givCiG02bio_4TnVxLxV31fuOUHzqc/getUpdates "HTTP/1.1 200 OK"
2026-03-20 21:58:47,285 | telegram_bot | INFO | Telegram bot stopped
2026-03-20 21:58:47,786 | __main__ | INFO | Bot shutdown complete
2026-03-21 17:56:27,465 | __main__ | INFO | TradingBot initialized
2026-03-21 17:56:27,465 | __main__ | INFO | Starting RECON HFT Trading Bot
2026-03-21 17:56:27,466 | __main__ | WARNING | ⚠️  DRY RUN MODE - No real orders will be placed
2026-03-21 17:56:27,868 | __main__ | INFO | Starting trading loop
2026-03-21 17:56:28,393 | polymarket | INFO | Discovered 10 BTC 5-min markets
2026-03-21 17:56:28,397 | __main__ | INFO | Discovered 10 BTC markets
2026-03-21 17:56:28,401 | __main__ | INFO | Market: 531202 - BitBoy convicted?...
2026-03-21 17:56:28,401 | __main__ | INFO | Market: 540816 - Russia-Ukraine Ceasefire before GTA VI?...
2026-03-21 17:56:28,401 | __main__ | INFO | Market: 540817 - New Rihanna Album before GTA VI?...
2026-03-21 17:56:28,977 | httpx | INFO | HTTP Request: POST https://api.telegram.org/bot7377493035:AAGj7givCiG02bio_4TnVxLxV31fuOUHzqc/getMe "HTTP/1.1 200 OK"
2026-03-21 17:56:28,984 | apscheduler.scheduler | INFO | Scheduler started
2026-03-21 17:56:29,157 | httpx | INFO | HTTP Request: POST https://api.telegram.org/bot7377493035:AAGj7givCiG02bio_4TnVxLxV31fuOUHzqc/deleteWebhook "HTTP/1.1 200 OK"
2026-03-21 17:56:29,158 | telegram_bot | INFO | Telegram bot started
2026-03-21 17:56:39,686 | httpx | INFO | HTTP Request: POST https://api.telegram.org/bot7377493035:AAGj7givCiG02bio_4TnVxLxV31fuOUHzqc/getUpdates "HTTP/1.1 200 OK"
2026-03-21 17:56:49,857 | httpx | INFO | HTTP Request: POST https://api.telegram.org/bot7377493035:AAGj7givCiG02bio_4TnVxLxV31fuOUHzqc/getUpdates "HTTP/1.1 200 OK"
2026-03-21 17:57:00,032 | httpx | INFO | HTTP Request: POST https://api.telegram.org/bot7377493035:AAGj7givCiG02bio_4TnVxLxV31fuOUHzqc/getUpdates "HTTP/1.1 200 OK"
2026-03-21 17:57:10,208 | httpx | INFO | HTTP Request: POST https://api.telegram.org/bot7377493035:AAGj7givCiG02bio_4TnVxLxV31fuOUHzqc/getUpdates "HTTP/1.1 200 OK"
2026-03-21 17:57:20,384 | httpx | INFO | HTTP Request: POST https://api.telegram.org/bot7377493035:AAGj7givCiG02bio_4TnVxLxV31fuOUHzqc/getUpdates "HTTP/1.1 200 OK"
2026-03-21 17:57:28,723 | strategies | INFO | 🎯 Sniping opportunity: NO at 0.61913518082159595 (edge: 0.0991)
2026-03-21 17:57:28,723 | utils | INFO | SNIPE: NO | Price: 0.6191 | Edge: 0.0991
2026-03-21 17:57:28,724 | polymarket | INFO | DRY RUN: Would place NO order for 531202 at 0.61913518082159595 size 20.0
2026-03-21 17:57:28,724 | utils | INFO | TRADE EXECUTED: SNIPE | Market: 531202 | Size: 20.0 | Expected P&L: N/A
2026-03-21 17:57:29,226 | strategies | INFO | 🎯 Sniping opportunity: YES at 0.57637690870462139 (edge: 0.0564)
2026-03-21 17:57:29,226 | utils | INFO | SNIPE: YES | Price: 0.5764 | Edge: 0.0564
2026-03-21 17:57:29,227 | polymarket | INFO | DRY RUN: Would place YES order for 540816 at 0.57637690870462139 size 20.0
2026-03-21 17:57:29,227 | utils | INFO | TRADE EXECUTED: SNIPE | Market: 540816 | Size: 20.0 | Expected P&L: N/A
2026-03-21 17:57:29,863 | strategies | INFO | 🎯 Sniping opportunity: NO at 0.61767197708919506 (edge: 0.0977)
2026-03-21 17:57:29,864 | utils | INFO | SNIPE: NO | Price: 0.6177 | Edge: 0.0977
2026-03-21 17:57:29,864 | polymarket | INFO | DRY RUN: Would place NO order for 540817 at 0.61767197708919506 size 20.0
2026-03-21 17:57:29,864 | utils | INFO | TRADE EXECUTED: SNIPE | Market: 540817 | Size: 20.0 | Expected P&L: N/A
2026-03-21 17:57:30,365 | strategies | INFO | 🎯 Sniping opportunity: NO at 0.59823805346916667 (edge: 0.0782)
2026-03-21 17:57:30,366 | utils | INFO | SNIPE: NO | Price: 0.5982 | Edge: 0.0782
2026-03-21 17:57:30,366 | polymarket | INFO | DRY RUN: Would place NO order for 540818 at 0.59823805346916667 size 20.0
2026-03-21 17:57:30,366 | utils | INFO | TRADE EXECUTED: SNIPE | Market: 540818 | Size: 20.0 | Expected P&L: N/A
2026-03-21 17:57:30,561 | httpx | INFO | HTTP Request: POST https://api.telegram.org/bot7377493035:AAGj7givCiG02bio_4TnVxLxV31fuOUHzqc/getUpdates "HTTP/1.1 200 OK"
2026-03-21 17:57:31,001 | __main__ | ERROR | Error processing market 540819: 'edge'
2026-03-21 17:57:34,140 | strategies | INFO | 🎯 Sniping opportunity: NO at 0.54532500701405549 (edge: 0.0253)
2026-03-21 17:57:34,141 | utils | INFO | SNIPE: NO | Price: 0.5453 | Edge: 0.0253
2026-03-21 17:57:34,142 | polymarket | INFO | DRY RUN: Would place NO order for 540816 at 0.54532500701405549 size 20.0
2026-03-21 17:57:34,142 | utils | INFO | TRADE EXECUTED: SNIPE | Market: 540816 | Size: 20.0 | Expected P&L: N/A
2026-03-21 17:57:34,643 | strategies | INFO | 🎯 Sniping opportunity: YES at 0.544779106476977383 (edge: 0.0248)
2026-03-21 17:57:34,644 | utils | INFO | SNIPE: YES | Price: 0.5448 | Edge: 0.0248
2026-03-21 17:57:34,644 | polymarket | INFO | DRY RUN: Would place YES order for 540817 at 0.544779106476977383 size 20.0
2026-03-21 17:57:34,644 | utils | INFO | TRADE EXECUTED: SNIPE | Market: 540817 | Size: 20.0 | Expected P&L: N/A
2026-03-21 17:57:35,280 | strategies | INFO | 🎯 Sniping opportunity: NO at 0.58771116867667144 (edge: 0.0677)
2026-03-21 17:57:35,281 | utils | INFO | SNIPE: NO | Price: 0.5877 | Edge: 0.0677
2026-03-21 17:57:35,282 | polymarket | INFO | DRY RUN: Would place NO order for 540818 at 0.58771116867667144 size 20.0
2026-03-21 17:57:35,282 | utils | INFO | TRADE EXECUTED: SNIPE | Market: 540818 | Size: 20.0 | Expected P&L: N/A
2026-03-21 17:57:35,783 | strategies | INFO | 🎯 Sniping opportunity: NO at 0.59297496060846165 (edge: 0.0730)
2026-03-21 17:57:35,784 | utils | INFO | SNIPE: NO | Price: 0.5930 | Edge: 0.0730
2026-03-21 17:57:35,784 | polymarket | INFO | DRY RUN: Would place NO order for 540819 at 0.59297496060846165 size 20.0
2026-03-21 17:57:35,784 | utils | INFO | TRADE EXECUTED: SNIPE | Market: 540819 | Size: 20.0 | Expected P&L: N/A
2026-03-21 17:57:39,423 | strategies | INFO | 🎯 Sniping opportunity: YES at 0.61123082756336395 (edge: 0.0912)
2026-03-21 17:57:39,428 | utils | INFO | SNIPE: YES | Price: 0.6112 | Edge: 0.0912
2026-03-21 17:57:39,431 | polymarket | INFO | DRY RUN: Would place YES order for 531202 at 0.61123082756336395 size 20.0
2026-03-21 17:57:39,431 | utils | INFO | TRADE EXECUTED: SNIPE | Market: 531202 | Size: 20.0 | Expected P&L: N/A
2026-03-21 17:57:39,934 | strategies | INFO | 🎯 Sniping opportunity: YES at 0.60296381219397814 (edge: 0.0830)
2026-03-21 17:57:39,934 | utils | INFO | SNIPE: YES | Price: 0.6030 | Edge: 0.0830
2026-03-21 17:57:39,935 | polymarket | INFO | DRY RUN: Would place YES order for 540816 at 0.60296381219397814 size 20.0
2026-03-21 17:57:39,935 | utils | INFO | TRADE EXECUTED: SNIPE | Market: 540816 | Size: 20.0 | Expected P&L: N/A
2026-03-21 17:57:40,571 | strategies | INFO | 🎯 Sniping opportunity: YES at 0.562080938568834825 (edge: 0.0421)
2026-03-21 17:57:40,571 | utils | INFO | SNIPE: YES | Price: 0.5621 | Edge: 0.0421
2026-03-21 17:57:40,571 | polymarket | INFO | DRY RUN: Would place YES order for 540818 at 0.562080938568834825 size 20.0
2026-03-21 17:57:40,571 | utils | INFO | TRADE EXECUTED: SNIPE | Market: 540818 | Size: 20.0 | Expected P&L: N/A
2026-03-21 17:57:40,743 | httpx | INFO | HTTP Request: POST https://api.telegram.org/bot7377493035:AAGj7givCiG02bio_4TnVxLxV31fuOUHzqc/getUpdates "HTTP/1.1 200 OK"
2026-03-21 17:57:41,072 | strategies | INFO | 🎯 Sniping opportunity: YES at 0.57981358838258216 (edge: 0.0598)
2026-03-21 17:57:41,073 | utils | INFO | SNIPE: YES | Price: 0.5798 | Edge: 0.0598
2026-03-21 17:57:41,073 | polymarket | INFO | DRY RUN: Would place YES order for 540819 at 0.57981358838258216 size 20.0
2026-03-21 17:57:41,073 | utils | INFO | TRADE EXECUTED: SNIPE | Market: 540819 | Size: 20.0 | Expected P&L: N/A
2026-03-21 17:57:44,712 | strategies | INFO | 🎯 Sniping opportunity: YES at 0.544168055549498788 (edge: 0.0242)
2026-03-21 17:57:44,712 | utils | INFO | SNIPE: YES | Price: 0.5442 | Edge: 0.0242
2026-03-21 17:57:44,713 | polymarket | INFO | DRY RUN: Would place YES order for 531202 at 0.544168055549498788 size 20.0
2026-03-21 17:57:44,713 | utils | INFO | TRADE EXECUTED: SNIPE | Market: 531202 | Size: 20.0 | Expected P&L: N/A
2026-03-21 17:57:45,216 | strategies | INFO | 🎯 Sniping opportunity: YES at 0.578365030082448144 (edge: 0.0584)
2026-03-21 17:57:45,217 | utils | INFO | SNIPE: YES | Price: 0.5784 | Edge: 0.0584
2026-03-21 17:57:45,217 | polymarket | INFO | DRY RUN: Would place YES order for 540817 at 0.578365030082448144 size 20.0
2026-03-21 17:57:45,217 | utils | INFO | TRADE EXECUTED: SNIPE | Market: 540817 | Size: 20.0 | Expected P&L: N/A
2026-03-21 17:57:45,855 | strategies | INFO | 🎯 Sniping opportunity: YES at 0.5855570885408526 (edge: 0.0656)
2026-03-21 17:57:45,855 | utils | INFO | SNIPE: YES | Price: 0.5856 | Edge: 0.0656
2026-03-21 17:57:45,855 | polymarket | INFO | DRY RUN: Would place YES order for 540818 at 0.5855570885408526 size 20.0
2026-03-21 17:57:45,855 | utils | INFO | TRADE EXECUTED: SNIPE | Market: 540818 | Size: 20.0 | Expected P&L: N/A
2026-03-21 17:57:46,356 | strategies | INFO | 🎯 Sniping opportunity: NO at 0.59727320478310727 (edge: 0.0773)
2026-03-21 17:57:46,356 | utils | INFO | SNIPE: NO | Price: 0.5973 | Edge: 0.0773
2026-03-21 17:57:46,357 | polymarket | INFO | DRY RUN: Would place NO order for 540819 at 0.59727320478310727 size 20.0
2026-03-21 17:57:46,357 | utils | INFO | TRADE EXECUTED: SNIPE | Market: 540819 | Size: 20.0 | Expected P&L: N/A
2026-03-21 17:57:49,997 | strategies | INFO | 🎯 Sniping opportunity: YES at 0.55416532385274179 (edge: 0.0342)
2026-03-21 17:57:50,001 | utils | INFO | SNIPE: YES | Price: 0.5542 | Edge: 0.0342
2026-03-21 17:57:50,002 | polymarket | INFO | DRY RUN: Would place YES order for 531202 at 0.55416532385274179 size 20.0
2026-03-21 17:57:50,004 | utils | INFO | TRADE EXECUTED: SNIPE | Market: 531202 | Size: 20.0 | Expected P&L: N/A
2026-03-21 17:57:50,509 | strategies | INFO | 🎯 Sniping opportunity: NO at 0.60409487982521219 (edge: 0.0841)
2026-03-21 17:57:50,510 | utils | INFO | SNIPE: NO | Price: 0.6041 | Edge: 0.0841
2026-03-21 17:57:50,510 | polymarket | INFO | DRY RUN: Would place NO order for 540816 at 0.60409487982521219 size 20.0
2026-03-21 17:57:50,511 | utils | INFO | TRADE EXECUTED: SNIPE | Market: 540816 | Size: 20.0 | Expected P&L: N/A
2026-03-21 17:57:50,916 | httpx | INFO | HTTP Request: POST https://api.telegram.org/bot7377493035:AAGj7givCiG02bio_4TnVxLxV31fuOUHzqc/getUpdates "HTTP/1.1 200 OK"
2026-03-21 17:57:51,146 | strategies | INFO | 🎯 Sniping opportunity: YES at 0.568669445777353104 (edge: 0.0487)
2026-03-21 17:57:51,146 | utils | INFO | SNIPE: YES | Price: 0.5687 | Edge: 0.0487
2026-03-21 17:57:51,147 | polymarket | INFO | DRY RUN: Would place YES order for 540817 at 0.568669445777353104 size 20.0
2026-03-21 17:57:51,147 | utils | INFO | TRADE EXECUTED: SNIPE | Market: 540817 | Size: 20.0 | Expected P&L: N/A
2026-03-21 17:57:51,648 | strategies | INFO | 🎯 Sniping opportunity: YES at 0.60407045643168337 (edge: 0.0841)
2026-03-21 17:57:51,649 | utils | INFO | SNIPE: YES | Price: 0.6041 | Edge: 0.0841
2026-03-21 17:57:51,649 | polymarket | INFO | DRY RUN: Would place YES order for 540818 at 0.60407045643168337 size 20.0
2026-03-21 17:57:51,649 | utils | INFO | TRADE EXECUTED: SNIPE | Market: 540818 | Size: 20.0 | Expected P&L: N/A
2026-03-21 17:57:52,287 | strategies | INFO | 🎯 Sniping opportunity: YES at 0.58040250451832646 (edge: 0.0604)
2026-03-21 17:57:52,287 | utils | INFO | SNIPE: YES | Price: 0.5804 | Edge: 0.0604
2026-03-21 17:57:52,288 | polymarket | INFO | DRY RUN: Would place YES order for 540819 at 0.58040250451832646 size 20.0
2026-03-21 17:57:52,288 | utils | INFO | TRADE EXECUTED: SNIPE | Market: 540819 | Size: 20.0 | Expected P&L: N/A
2026-03-21 17:57:55,929 | strategies | INFO | 🎯 Sniping opportunity: YES at 0.57983428982194314 (edge: 0.0598)
2026-03-21 17:57:55,930 | utils | INFO | SNIPE: YES | Price: 0.5798 | Edge: 0.0598
2026-03-21 17:57:55,930 | polymarket | INFO | DRY RUN: Would place YES order for 531202 at 0.57983428982194314 size 20.0
2026-03-21 17:57:55,931 | utils | INFO | TRADE EXECUTED: SNIPE | Market: 531202 | Size: 20.0 | Expected P&L: N/A
2026-03-21 17:57:56,432 | strategies | INFO | 🎯 Sniping opportunity: YES at 0.5530072720580476 (edge: 0.0330)
2026-03-21 17:57:56,432 | utils | INFO | SNIPE: YES | Price: 0.5530 | Edge: 0.0330
2026-03-21 17:57:56,433 | polymarket | INFO | DRY RUN: Would place YES order for 540816 at 0.5530072720580476 size 20.0
2026-03-21 17:57:56,433 | utils | INFO | TRADE EXECUTED: SNIPE | Market: 540816 | Size: 20.0 | Expected P&L: N/A
2026-03-21 17:57:57,067 | strategies | INFO | 🎯 Sniping opportunity: NO at 0.595531924294641 (edge: 0.0755)
2026-03-21 17:57:57,068 | utils | INFO | SNIPE: NO | Price: 0.5955 | Edge: 0.0755
2026-03-21 17:57:57,068 | polymarket | INFO | DRY RUN: Would place NO order for 540817 at 0.595531924294641 size 20.0
2026-03-21 17:57:57,069 | utils | INFO | TRADE EXECUTED: SNIPE | Market: 540817 | Size: 20.0 | Expected P&L: N/A
2026-03-21 17:57:57,570 | strategies | INFO | 🎯 Sniping opportunity: YES at 0.54690798446370249 (edge: 0.0269)
2026-03-21 17:57:57,570 | utils | INFO | SNIPE: YES | Price: 0.5469 | Edge: 0.0269
2026-03-21 17:57:57,570 | polymarket | INFO | DRY RUN: Would place YES order for 540818 at 0.54690798446370249 size 20.0
2026-03-21 17:57:57,570 | utils | INFO | TRADE EXECUTED: SNIPE | Market: 540818 | Size: 20.0 | Expected P&L: N/A
2026-03-21 17:57:58,206 | strategies | INFO | 🎯 Sniping opportunity: NO at 0.5953098288776082 (edge: 0.0753)
2026-03-21 17:57:58,207 | utils | INFO | SNIPE: NO | Price: 0.5953 | Edge: 0.0753
2026-03-21 17:57:58,207 | polymarket | INFO | DRY RUN: Would place NO order for 540819 at 0.5953098288776082 size 20.0
2026-03-21 17:57:58,207 | utils | INFO | TRADE EXECUTED: SNIPE | Market: 540819 | Size: 20.0 | Expected P&L: N/A
2026-03-21 17:58:01,088 | httpx | INFO | HTTP Request: POST https://api.telegram.org/bot7377493035:AAGj7givCiG02bio_4TnVxLxV31fuOUHzqc/getUpdates "HTTP/1.1 200 OK"
2026-03-21 17:58:01,844 | strategies | INFO | 🎯 Sniping opportunity: NO at 0.54766850850808629 (edge: 0.0277)
2026-03-21 17:58:01,845 | utils | INFO | SNIPE: NO | Price: 0.5477 | Edge: 0.0277
2026-03-21 17:58:01,845 | polymarket | INFO | DRY RUN: Would place NO order for 531202 at 0.54766850850808629 size 20.0
2026-03-21 17:58:01,845 | utils | INFO | TRADE EXECUTED: SNIPE | Market: 531202 | Size: 20.0 | Expected P&L: N/A
2026-03-21 17:58:02,347 | strategies | INFO | 🎯 Sniping opportunity: YES at 0.59215704556253047 (edge: 0.0722)
2026-03-21 17:58:02,347 | utils | INFO | SNIPE: YES | Price: 0.5922 | Edge: 0.0722
2026-03-21 17:58:02,347 | polymarket | INFO | DRY RUN: Would place YES order for 540816 at 0.59215704556253047 size 20.0
2026-03-21 17:58:02,347 | utils | INFO | TRADE EXECUTED: SNIPE | Market: 540816 | Size: 20.0 | Expected P&L: N/A
2026-03-21 17:58:02,982 | strategies | INFO | 🎯 Sniping opportunity: NO at 0.562684101754700124 (edge: 0.0427)
2026-03-21 17:58:02,982 | utils | INFO | SNIPE: NO | Price: 0.5627 | Edge: 0.0427
2026-03-21 17:58:02,982 | polymarket | INFO | DRY RUN: Would place NO order for 540817 at 0.562684101754700124 size 20.0
2026-03-21 17:58:02,982 | utils | INFO | TRADE EXECUTED: SNIPE | Market: 540817 | Size: 20.0 | Expected P&L: N/A
2026-03-21 17:58:03,483 | strategies | INFO | 🎯 Sniping opportunity: YES at 0.55160595042164163 (edge: 0.0316)
2026-03-21 17:58:03,483 | utils | INFO | SNIPE: YES | Price: 0.5516 | Edge: 0.0316
2026-03-21 17:58:03,483 | polymarket | INFO | DRY RUN: Would place YES order for 540818 at 0.55160595042164163 size 20.0
2026-03-21 17:58:03,484 | utils | INFO | TRADE EXECUTED: SNIPE | Market: 540818 | Size: 20.0 | Expected P&L: N/A
2026-03-21 17:58:04,121 | __main__ | ERROR | Error processing market 540819: 'edge'
2026-03-21 17:58:07,258 | strategies | INFO | 🎯 Sniping opportunity: NO at 0.566304460643225354 (edge: 0.0463)
2026-03-21 17:58:07,259 | utils | INFO | SNIPE: NO | Price: 0.5663 | Edge: 0.0463
2026-03-21 17:58:07,259 | polymarket | INFO | DRY RUN: Would place NO order for 531202 at 0.566304460643225354 size 20.0
2026-03-21 17:58:07,259 | utils | INFO | TRADE EXECUTED: SNIPE | Market: 531202 | Size: 20.0 | Expected P&L: N/A
2026-03-21 17:58:07,760 | strategies | INFO | 🎯 Sniping opportunity: YES at 0.59794363055171119 (edge: 0.0779)
2026-03-21 17:58:07,761 | utils | INFO | SNIPE: YES | Price: 0.5979 | Edge: 0.0779
2026-03-21 17:58:07,761 | polymarket | INFO | DRY RUN: Would place YES order for 540816 at 0.59794363055171119 size 20.0
2026-03-21 17:58:07,761 | utils | INFO | TRADE EXECUTED: SNIPE | Market: 540816 | Size: 20.0 | Expected P&L: N/A
2026-03-21 17:58:08,400 | strategies | INFO | 🎯 Sniping opportunity: YES at 0.542430340726185438 (edge: 0.0224)
2026-03-21 17:58:08,400 | utils | INFO | SNIPE: YES | Price: 0.5424 | Edge: 0.0224
2026-03-21 17:58:08,400 | polymarket | INFO | DRY RUN: Would place YES order for 540818 at 0.542430340726185438 size 20.0
2026-03-21 17:58:08,400 | utils | INFO | TRADE EXECUTED: SNIPE | Market: 540818 | Size: 20.0 | Expected P&L: N/A
2026-03-21 17:58:08,901 | strategies | INFO | 🎯 Sniping opportunity: NO at 0.59853116165681867 (edge: 0.0785)
2026-03-21 17:58:08,902 | utils | INFO | SNIPE: NO | Price: 0.5985 | Edge: 0.0785
2026-03-21 17:58:08,903 | polymarket | INFO | DRY RUN: Would place NO order for 540819 at 0.59853116165681867 size 20.0
2026-03-21 17:58:08,904 | utils | INFO | TRADE EXECUTED: SNIPE | Market: 540819 | Size: 20.0 | Expected P&L: N/A
2026-03-21 17:58:11,271 | httpx | INFO | HTTP Request: POST https://api.telegram.org/bot7377493035:AAGj7givCiG02bio_4TnVxLxV31fuOUHzqc/getUpdates "HTTP/1.1 200 OK"
2026-03-21 17:58:12,542 | strategies | INFO | 🎯 Sniping opportunity: YES at 0.576697858577032995 (edge: 0.0567)
2026-03-21 17:58:12,543 | utils | INFO | SNIPE: YES | Price: 0.5767 | Edge: 0.0567
2026-03-21 17:58:12,544 | polymarket | INFO | DRY RUN: Would place YES order for 540816 at 0.576697858577032995 size 20.0
2026-03-21 17:58:12,544 | utils | INFO | TRADE EXECUTED: SNIPE | Market: 540816 | Size: 20.0 | Expected P&L: N/A
2026-03-21 17:58:13,046 | strategies | INFO | 🎯 Sniping opportunity: NO at 0.551131663710519744 (edge: 0.0311)
2026-03-21 17:58:13,046 | utils | INFO | SNIPE: NO | Price: 0.5511 | Edge: 0.0311
2026-03-21 17:58:13,046 | polymarket | INFO | DRY RUN: Would place NO order for 540817 at 0.551131663710519744 size 20.0
2026-03-21 17:58:13,046 | utils | INFO | TRADE EXECUTED: SNIPE | Market: 540817 | Size: 20.0 | Expected P&L: N/A
2026-03-21 17:58:13,681 | strategies | INFO | 🎯 Sniping opportunity: NO at 0.5749548114719052 (edge: 0.0550)
2026-03-21 17:58:13,681 | utils | INFO | SNIPE: NO | Price: 0.5750 | Edge: 0.0550
2026-03-21 17:58:13,681 | polymarket | INFO | DRY RUN: Would place NO order for 540818 at 0.5749548114719052 size 20.0
2026-03-21 17:58:13,681 | utils | INFO | TRADE EXECUTED: SNIPE | Market: 540818 | Size: 20.0 | Expected P&L: N/A
2026-03-21 17:58:17,322 | strategies | INFO | 🎯 Sniping opportunity: NO at 0.553719795292875276 (edge: 0.0337)
2026-03-21 17:58:17,324 | utils | INFO | SNIPE: NO | Price: 0.5537 | Edge: 0.0337
2026-03-21 17:58:17,325 | polymarket | INFO | DRY RUN: Would place NO order for 531202 at 0.553719795292875276 size 20.0
2026-03-21 17:58:17,326 | utils | INFO | TRADE EXECUTED: SNIPE | Market: 531202 | Size: 20.0 | Expected P&L: N/A
2026-03-21 17:58:17,827 | strategies | INFO | 🎯 Sniping opportunity: YES at 0.59289835786452539 (edge: 0.0729)
2026-03-21 17:58:17,828 | utils | INFO | SNIPE: YES | Price: 0.5929 | Edge: 0.0729
2026-03-21 17:58:17,828 | polymarket | INFO | DRY RUN: Would place YES order for 540816 at 0.59289835786452539 size 20.0
2026-03-21 17:58:17,828 | utils | INFO | TRADE EXECUTED: SNIPE | Market: 540816 | Size: 20.0 | Expected P&L: N/A
2026-03-21 17:58:18,466 | strategies | INFO | 🎯 Sniping opportunity: NO at 0.61304493588440968 (edge: 0.0930)
2026-03-21 17:58:18,466 | utils | INFO | SNIPE: NO | Price: 0.6130 | Edge: 0.0930
2026-03-21 17:58:18,467 | polymarket | INFO | DRY RUN: Would place NO order for 540817 at 0.61304493588440968 size 20.0
2026-03-21 17:58:18,468 | utils | INFO | TRADE EXECUTED: SNIPE | Market: 540817 | Size: 20.0 | Expected P&L: N/A
2026-03-21 17:58:18,969 | strategies | INFO | 🎯 Sniping opportunity: YES at 0.57617969173230425 (edge: 0.0562)
2026-03-21 17:58:18,969 | utils | INFO | SNIPE: YES | Price: 0.5762 | Edge: 0.0562
2026-03-21 17:58:18,969 | polymarket | INFO | DRY RUN: Would place YES order for 540818 at 0.57617969173230425 size 20.0
2026-03-21 17:58:18,969 | utils | INFO | TRADE EXECUTED: SNIPE | Market: 540818 | Size: 20.0 | Expected P&L: N/A
2026-03-21 17:58:19,605 | strategies | INFO | 🎯 Sniping opportunity: NO at 0.61943450922109852 (edge: 0.0994)
2026-03-21 17:58:19,606 | utils | INFO | SNIPE: NO | Price: 0.6194 | Edge: 0.0994
2026-03-21 17:58:19,606 | polymarket | INFO | DRY RUN: Would place NO order for 540819 at 0.61943450922109852 size 20.0
2026-03-21 17:58:19,606 | utils | INFO | TRADE EXECUTED: SNIPE | Market: 540819 | Size: 20.0 | Expected P&L: N/A
2026-03-21 17:58:21,456 | httpx | INFO | HTTP Request: POST https://api.telegram.org/bot7377493035:AAGj7givCiG02bio_4TnVxLxV31fuOUHzqc/getUpdates "HTTP/1.1 200 OK"
2026-03-21 17:58:23,245 | strategies | INFO | 🎯 Sniping opportunity: NO at 0.61665469926243445 (edge: 0.0967)
2026-03-21 17:58:23,245 | utils | INFO | SNIPE: NO | Price: 0.6167 | Edge: 0.0967
2026-03-21 17:58:23,245 | polymarket | INFO | DRY RUN: Would place NO order for 531202 at 0.61665469926243445 size 20.0
2026-03-21 17:58:23,245 | utils | INFO | TRADE EXECUTED: SNIPE | Market: 531202 | Size: 20.0 | Expected P&L: N/A
2026-03-21 17:58:23,747 | strategies | INFO | 🎯 Sniping opportunity: YES at 0.55909894473254044 (edge: 0.0391)
2026-03-21 17:58:23,747 | utils | INFO | SNIPE: YES | Price: 0.5591 | Edge: 0.0391
2026-03-21 17:58:23,747 | polymarket | INFO | DRY RUN: Would place YES order for 540817 at 0.55909894473254044 size 20.0
2026-03-21 17:58:23,747 | utils | INFO | TRADE EXECUTED: SNIPE | Market: 540817 | Size: 20.0 | Expected P&L: N/A
2026-03-21 17:58:24,385 | strategies | INFO | 🎯 Sniping opportunity: YES at 0.5936164194205173 (edge: 0.0736)
2026-03-21 17:58:24,385 | utils | INFO | SNIPE: YES | Price: 0.5936 | Edge: 0.0736
2026-03-21 17:58:24,385 | polymarket | INFO | DRY RUN: Would place YES order for 540818 at 0.5936164194205173 size 20.0
2026-03-21 17:58:24,385 | utils | INFO | TRADE EXECUTED: SNIPE | Market: 540818 | Size: 20.0 | Expected P&L: N/A
2026-03-21 17:58:28,024 | strategies | INFO | 🎯 Sniping opportunity: YES at 0.55446953459065982 (edge: 0.0345)
2026-03-21 17:58:28,027 | utils | INFO | SNIPE: YES | Price: 0.5545 | Edge: 0.0345
2026-03-21 17:58:28,031 | polymarket | INFO | DRY RUN: Would place YES order for 531202 at 0.55446953459065982 size 20.0
2026-03-21 17:58:28,032 | utils | INFO | TRADE EXECUTED: SNIPE | Market: 531202 | Size: 20.0 | Expected P&L: N/A
2026-03-21 17:58:28,533 | strategies | INFO | 🎯 Sniping opportunity: NO at 0.576596512530511615 (edge: 0.0566)
2026-03-21 17:58:28,540 | utils | INFO | SNIPE: NO | Price: 0.5766 | Edge: 0.0566
2026-03-21 17:58:28,544 | polymarket | INFO | DRY RUN: Would place NO order for 540816 at 0.576596512530511615 size 20.0
2026-03-21 17:58:28,544 | utils | INFO | TRADE EXECUTED: SNIPE | Market: 540816 | Size: 20.0 | Expected P&L: N/A
2026-03-21 17:58:29,178 | strategies | INFO | 🎯 Sniping opportunity: YES at 0.61205746157998868 (edge: 0.0921)
2026-03-21 17:58:29,179 | utils | INFO | SNIPE: YES | Price: 0.6121 | Edge: 0.0921
2026-03-21 17:58:29,179 | polymarket | INFO | DRY RUN: Would place YES order for 540817 at 0.61205746157998868 size 20.0
2026-03-21 17:58:29,179 | utils | INFO | TRADE EXECUTED: SNIPE | Market: 540817 | Size: 20.0 | Expected P&L: N/A
2026-03-21 17:58:29,681 | strategies | INFO | 🎯 Sniping opportunity: NO at 0.550521664094314824 (edge: 0.0305)
2026-03-21 17:58:29,681 | utils | INFO | SNIPE: NO | Price: 0.5505 | Edge: 0.0305
2026-03-21 17:58:29,681 | polymarket | INFO | DRY RUN: Would place NO order for 540818 at 0.550521664094314824 size 20.0
2026-03-21 17:58:29,681 | utils | INFO | TRADE EXECUTED: SNIPE | Market: 540818 | Size: 20.0 | Expected P&L: N/A
2026-03-21 17:58:30,315 | strategies | INFO | 🎯 Sniping opportunity: YES at 0.61886265730150942 (edge: 0.0989)
2026-03-21 17:58:30,316 | utils | INFO | SNIPE: YES | Price: 0.6189 | Edge: 0.0989
2026-03-21 17:58:30,316 | polymarket | INFO | DRY RUN: Would place YES order for 540819 at 0.61886265730150942 size 20.0
2026-03-21 17:58:30,316 | utils | INFO | TRADE EXECUTED: SNIPE | Market: 540819 | Size: 20.0 | Expected P&L: N/A
2026-03-21 17:58:31,633 | httpx | INFO | HTTP Request: POST https://api.telegram.org/bot7377493035:AAGj7givCiG02bio_4TnVxLxV31fuOUHzqc/getUpdates "HTTP/1.1 200 OK"
2026-03-21 17:58:33,955 | strategies | INFO | 🎯 Sniping opportunity: NO at 0.60362293926846905 (edge: 0.0836)
2026-03-21 17:58:33,956 | utils | INFO | SNIPE: NO | Price: 0.6036 | Edge: 0.0836
2026-03-21 17:58:33,957 | polymarket | INFO | DRY RUN: Would place NO order for 531202 at 0.60362293926846905 size 20.0
2026-03-21 17:58:33,958 | utils | INFO | TRADE EXECUTED: SNIPE | Market: 531202 | Size: 20.0 | Expected P&L: N/A
2026-03-21 17:58:34,459 | strategies | INFO | 🎯 Sniping opportunity: NO at 0.59319821199270307 (edge: 0.0732)
2026-03-21 17:58:34,460 | utils | INFO | SNIPE: NO | Price: 0.5932 | Edge: 0.0732
2026-03-21 17:58:34,460 | polymarket | INFO | DRY RUN: Would place NO order for 540816 at 0.59319821199270307 size 20.0
2026-03-21 17:58:34,460 | utils | INFO | TRADE EXECUTED: SNIPE | Market: 540816 | Size: 20.0 | Expected P&L: N/A
2026-03-21 17:58:35,097 | strategies | INFO | 🎯 Sniping opportunity: YES at 0.56825343488835415 (edge: 0.0483)
2026-03-21 17:58:35,098 | utils | INFO | SNIPE: YES | Price: 0.5683 | Edge: 0.0483
2026-03-21 17:58:35,098 | polymarket | INFO | DRY RUN: Would place YES order for 540817 at 0.56825343488835415 size 20.0
2026-03-21 17:58:35,098 | utils | INFO | TRADE EXECUTED: SNIPE | Market: 540817 | Size: 20.0 | Expected P&L: N/A
2026-03-21 17:58:35,599 | strategies | INFO | 🎯 Sniping opportunity: NO at 0.6060848151180403 (edge: 0.0861)
2026-03-21 17:58:35,600 | utils | INFO | SNIPE: NO | Price: 0.6061 | Edge: 0.0861
2026-03-21 17:58:35,600 | polymarket | INFO | DRY RUN: Would place NO order for 540818 at 0.6060848151180403 size 20.0
2026-03-21 17:58:35,600 | utils | INFO | TRADE EXECUTED: SNIPE | Market: 540818 | Size: 20.0 | Expected P&L: N/A
2026-03-21 17:58:36,235 | strategies | INFO | 🎯 Sniping opportunity: YES at 0.555612394544329795 (edge: 0.0356)
2026-03-21 17:58:36,235 | utils | INFO | SNIPE: YES | Price: 0.5556 | Edge: 0.0356
2026-03-21 17:58:36,236 | polymarket | INFO | DRY RUN: Would place YES order for 540819 at 0.555612394544329795 size 20.0
2026-03-21 17:58:36,236 | utils | INFO | TRADE EXECUTED: SNIPE | Market: 540819 | Size: 20.0 | Expected P&L: N/A
2026-03-21 17:58:39,876 | strategies | INFO | 🎯 Sniping opportunity: NO at 0.550658826639795494 (edge: 0.0307)
2026-03-21 17:58:39,876 | utils | INFO | SNIPE: NO | Price: 0.5507 | Edge: 0.0307
2026-03-21 17:58:39,876 | polymarket | INFO | DRY RUN: Would place NO order for 531202 at 0.550658826639795494 size 20.0
2026-03-21 17:58:39,876 | utils | INFO | TRADE EXECUTED: SNIPE | Market: 531202 | Size: 20.0 | Expected P&L: N/A
2026-03-21 17:58:40,381 | strategies | INFO | 🎯 Sniping opportunity: NO at 0.61500600325940026 (edge: 0.0950)
2026-03-21 17:58:40,385 | utils | INFO | SNIPE: NO | Price: 0.6150 | Edge: 0.0950
2026-03-21 17:58:40,387 | polymarket | INFO | DRY RUN: Would place NO order for 540816 at 0.61500600325940026 size 20.0
2026-03-21 17:58:40,389 | utils | INFO | TRADE EXECUTED: SNIPE | Market: 540816 | Size: 20.0 | Expected P&L: N/A
2026-03-21 17:58:41,024 | strategies | INFO | 🎯 Sniping opportunity: NO at 0.60935585545191203 (edge: 0.0894)
2026-03-21 17:58:41,024 | utils | INFO | SNIPE: NO | Price: 0.6094 | Edge: 0.0894
2026-03-21 17:58:41,024 | polymarket | INFO | DRY RUN: Would place NO order for 540817 at 0.60935585545191203 size 20.0
2026-03-21 17:58:41,024 | utils | INFO | TRADE EXECUTED: SNIPE | Market: 540817 | Size: 20.0 | Expected P&L: N/A
2026-03-21 17:58:41,526 | strategies | INFO | 🎯 Sniping opportunity: NO at 0.547472926182587593 (edge: 0.0275)
2026-03-21 17:58:41,526 | utils | INFO | SNIPE: NO | Price: 0.5475 | Edge: 0.0275
2026-03-21 17:58:41,526 | polymarket | INFO | DRY RUN: Would place NO order for 540818 at 0.547472926182587593 size 20.0
2026-03-21 17:58:41,526 | utils | INFO | TRADE EXECUTED: SNIPE | Market: 540818 | Size: 20.0 | Expected P&L: N/A
2026-03-21 17:58:41,813 | httpx | INFO | HTTP Request: POST https://api.telegram.org/bot7377493035:AAGj7givCiG02bio_4TnVxLxV31fuOUHzqc/getUpdates "HTTP/1.1 200 OK"
2026-03-21 17:58:42,161 | strategies | INFO | 🎯 Sniping opportunity: NO at 0.61565824569028183 (edge: 0.0957)
2026-03-21 17:58:42,163 | utils | INFO | SNIPE: NO | Price: 0.6157 | Edge: 0.0957
2026-03-21 17:58:42,163 | polymarket | INFO | DRY RUN: Would place NO order for 540819 at 0.61565824569028183 size 20.0
2026-03-21 17:58:42,164 | utils | INFO | TRADE EXECUTED: SNIPE | Market: 540819 | Size: 20.0 | Expected P&L: N/A
2026-03-21 17:58:45,802 | strategies | INFO | 🎯 Sniping opportunity: NO at 0.59700695045594148 (edge: 0.0770)
2026-03-21 17:58:45,802 | utils | INFO | SNIPE: NO | Price: 0.5970 | Edge: 0.0770
2026-03-21 17:58:45,802 | polymarket | INFO | DRY RUN: Would place NO order for 531202 at 0.59700695045594148 size 20.0
2026-03-21 17:58:45,803 | utils | INFO | TRADE EXECUTED: SNIPE | Market: 531202 | Size: 20.0 | Expected P&L: N/A
2026-03-21 17:58:46,304 | strategies | INFO | 🎯 Sniping opportunity: NO at 0.552795920716219604 (edge: 0.0328)
2026-03-21 17:58:46,304 | utils | INFO | SNIPE: NO | Price: 0.5528 | Edge: 0.0328
2026-03-21 17:58:46,304 | polymarket | INFO | DRY RUN: Would place NO order for 540816 at 0.552795920716219604 size 20.0
2026-03-21 17:58:46,304 | utils | INFO | TRADE EXECUTED: SNIPE | Market: 540816 | Size: 20.0 | Expected P&L: N/A
2026-03-21 17:58:46,939 | strategies | INFO | 🎯 Sniping opportunity: NO at 0.59331265767451399 (edge: 0.0733)
2026-03-21 17:58:46,939 | utils | INFO | SNIPE: NO | Price: 0.5933 | Edge: 0.0733
2026-03-21 17:58:46,939 | polymarket | INFO | DRY RUN: Would place NO order for 540819 at 0.59331265767451399 size 20.0
2026-03-21 17:58:46,939 | utils | INFO | TRADE EXECUTED: SNIPE | Market: 540819 | Size: 20.0 | Expected P&L: N/A
2026-03-21 17:58:50,577 | strategies | INFO | 🎯 Sniping opportunity: NO at 0.543308470794367736 (edge: 0.0233)
2026-03-21 17:58:50,577 | utils | INFO | SNIPE: NO | Price: 0.5433 | Edge: 0.0233
2026-03-21 17:58:50,577 | polymarket | INFO | DRY RUN: Would place NO order for 531202 at 0.543308470794367736 size 20.0
2026-03-21 17:58:50,578 | utils | INFO | TRADE EXECUTED: SNIPE | Market: 531202 | Size: 20.0 | Expected P&L: N/A
2026-03-21 17:58:51,079 | strategies | INFO | 🎯 Sniping opportunity: NO at 0.61898988236708883 (edge: 0.0990)
2026-03-21 17:58:51,079 | utils | INFO | SNIPE: NO | Price: 0.6190 | Edge: 0.0990
2026-03-21 17:58:51,079 | polymarket | INFO | DRY RUN: Would place NO order for 540816 at 0.61898988236708883 size 20.0
2026-03-21 17:58:51,079 | utils | INFO | TRADE EXECUTED: SNIPE | Market: 540816 | Size: 20.0 | Expected P&L: N/A
2026-03-21 17:58:51,717 | strategies | INFO | 🎯 Sniping opportunity: YES at 0.579671607302580115 (edge: 0.0597)
2026-03-21 17:58:51,718 | utils | INFO | SNIPE: YES | Price: 0.5797 | Edge: 0.0597
2026-03-21 17:58:51,718 | polymarket | INFO | DRY RUN: Would place YES order for 540817 at 0.579671607302580115 size 20.0
2026-03-21 17:58:51,718 | utils | INFO | TRADE EXECUTED: SNIPE | Market: 540817 | Size: 20.0 | Expected P&L: N/A
2026-03-21 17:58:51,986 | httpx | INFO | HTTP Request: POST https://api.telegram.org/bot7377493035:AAGj7givCiG02bio_4TnVxLxV31fuOUHzqc/getUpdates "HTTP/1.1 200 OK"
2026-03-21 17:58:52,220 | strategies | INFO | 🎯 Sniping opportunity: NO at 0.6081354023198408 (edge: 0.0881)
2026-03-21 17:58:52,220 | utils | INFO | SNIPE: NO | Price: 0.6081 | Edge: 0.0881
2026-03-21 17:58:52,221 | polymarket | INFO | DRY RUN: Would place NO order for 540818 at 0.6081354023198408 size 20.0
2026-03-21 17:58:52,221 | utils | INFO | TRADE EXECUTED: SNIPE | Market: 540818 | Size: 20.0 | Expected P&L: N/A
2026-03-21 17:58:55,993 | strategies | INFO | 🎯 Sniping opportunity: NO at 0.578408569802078564 (edge: 0.0584)
2026-03-21 17:58:55,993 | utils | INFO | SNIPE: NO | Price: 0.5784 | Edge: 0.0584
2026-03-21 17:58:55,995 | polymarket | INFO | DRY RUN: Would place NO order for 531202 at 0.578408569802078564 size 20.0
2026-03-21 17:58:55,996 | utils | INFO | TRADE EXECUTED: SNIPE | Market: 531202 | Size: 20.0 | Expected P&L: N/A
2026-03-21 17:58:56,498 | strategies | INFO | 🎯 Sniping opportunity: NO at 0.549288063824953886 (edge: 0.0293)
2026-03-21 17:58:56,498 | utils | INFO | SNIPE: NO | Price: 0.5493 | Edge: 0.0293
2026-03-21 17:58:56,498 | polymarket | INFO | DRY RUN: Would place NO order for 540816 at 0.549288063824953886 size 20.0
2026-03-21 17:58:56,499 | utils | INFO | TRADE EXECUTED: SNIPE | Market: 540816 | Size: 20.0 | Expected P&L: N/A
2026-03-21 17:58:57,134 | strategies | INFO | 🎯 Sniping opportunity: YES at 0.54240227181564254 (edge: 0.0224)
2026-03-21 17:58:57,134 | utils | INFO | SNIPE: YES | Price: 0.5424 | Edge: 0.0224
2026-03-21 17:58:57,134 | polymarket | INFO | DRY RUN: Would place YES order for 540817 at 0.54240227181564254 size 20.0
2026-03-21 17:58:57,134 | utils | INFO | TRADE EXECUTED: SNIPE | Market: 540817 | Size: 20.0 | Expected P&L: N/A
2026-03-21 17:58:57,635 | __main__ | ERROR | Error processing market 540818: 'edge'
2026-03-21 17:58:57,636 | strategies | INFO | 🎯 Sniping opportunity: YES at 0.59609915166323106 (edge: 0.0761)
2026-03-21 17:58:57,636 | utils | INFO | SNIPE: YES | Price: 0.5961 | Edge: 0.0761
2026-03-21 17:58:57,636 | polymarket | INFO | DRY RUN: Would place YES order for 540819 at 0.59609915166323106 size 20.0
2026-03-21 17:58:57,636 | utils | INFO | TRADE EXECUTED: SNIPE | Market: 540819 | Size: 20.0 | Expected P&L: N/A
2026-03-21 17:59:01,275 | strategies | INFO | 🎯 Sniping opportunity: YES at 0.59114051194887214 (edge: 0.0711)
2026-03-21 17:59:01,276 | utils | INFO | SNIPE: YES | Price: 0.5911 | Edge: 0.0711
2026-03-21 17:59:01,277 | polymarket | INFO | DRY RUN: Would place YES order for 531202 at 0.59114051194887214 size 20.0
2026-03-21 17:59:01,277 | utils | INFO | TRADE EXECUTED: SNIPE | Market: 531202 | Size: 20.0 | Expected P&L: N/A
2026-03-21 17:59:01,779 | strategies | INFO | 🎯 Sniping opportunity: YES at 0.550643061100540103 (edge: 0.0306)
2026-03-21 17:59:01,779 | utils | INFO | SNIPE: YES | Price: 0.5506 | Edge: 0.0306
2026-03-21 17:59:01,779 | polymarket | INFO | DRY RUN: Would place YES order for 540816 at 0.550643061100540103 size 20.0
2026-03-21 17:59:01,779 | utils | INFO | TRADE EXECUTED: SNIPE | Market: 540816 | Size: 20.0 | Expected P&L: N/A
2026-03-21 17:59:02,160 | httpx | INFO | HTTP Request: POST https://api.telegram.org/bot7377493035:AAGj7givCiG02bio_4TnVxLxV31fuOUHzqc/getUpdates "HTTP/1.1 200 OK"
2026-03-21 17:59:02,416 | strategies | INFO | 🎯 Sniping opportunity: YES at 0.567650138204707815 (edge: 0.0477)
2026-03-21 17:59:02,419 | utils | INFO | SNIPE: YES | Price: 0.5677 | Edge: 0.0477
2026-03-21 17:59:02,420 | polymarket | INFO | DRY RUN: Would place YES order for 540817 at 0.567650138204707815 size 20.0
2026-03-21 17:59:02,420 | utils | INFO | TRADE EXECUTED: SNIPE | Market: 540817 | Size: 20.0 | Expected P&L: N/A
2026-03-21 17:59:02,921 | strategies | INFO | 🎯 Sniping opportunity: NO at 0.575945952678457436 (edge: 0.0559)
2026-03-21 17:59:02,922 | utils | INFO | SNIPE: NO | Price: 0.5759 | Edge: 0.0559
2026-03-21 17:59:02,922 | polymarket | INFO | DRY RUN: Would place NO order for 540818 at 0.575945952678457436 size 20.0
2026-03-21 17:59:02,922 | utils | INFO | TRADE EXECUTED: SNIPE | Market: 540818 | Size: 20.0 | Expected P&L: N/A
2026-03-21 17:59:06,697 | strategies | INFO | 🎯 Sniping opportunity: YES at 0.59196360650002118 (edge: 0.0720)
2026-03-21 17:59:06,698 | utils | INFO | SNIPE: YES | Price: 0.5920 | Edge: 0.0720
2026-03-21 17:59:06,699 | polymarket | INFO | DRY RUN: Would place YES order for 540816 at 0.59196360650002118 size 20.0
2026-03-21 17:59:06,700 | utils | INFO | TRADE EXECUTED: SNIPE | Market: 540816 | Size: 20.0 | Expected P&L: N/A
2026-03-21 17:59:07,201 | strategies | INFO | 🎯 Sniping opportunity: NO at 0.61953702197804806 (edge: 0.0995)
2026-03-21 17:59:07,201 | utils | INFO | SNIPE: NO | Price: 0.6195 | Edge: 0.0995
2026-03-21 17:59:07,201 | polymarket | INFO | DRY RUN: Would place NO order for 540817 at 0.61953702197804806 size 20.0
2026-03-21 17:59:07,201 | utils | INFO | TRADE EXECUTED: SNIPE | Market: 540817 | Size: 20.0 | Expected P&L: N/A
2026-03-21 17:59:07,838 | strategies | INFO | 🎯 Sniping opportunity: NO at 0.55954519076628243 (edge: 0.0395)
2026-03-21 17:59:07,838 | utils | INFO | SNIPE: NO | Price: 0.5595 | Edge: 0.0395
2026-03-21 17:59:07,838 | polymarket | INFO | DRY RUN: Would place NO order for 540818 at 0.55954519076628243 size 20.0
2026-03-21 17:59:07,838 | utils | INFO | TRADE EXECUTED: SNIPE | Market: 540818 | Size: 20.0 | Expected P&L: N/A
2026-03-21 17:59:08,339 | strategies | INFO | 🎯 Sniping opportunity: NO at 0.5557092061493061 (edge: 0.0357)
2026-03-21 17:59:08,340 | utils | INFO | SNIPE: NO | Price: 0.5557 | Edge: 0.0357
2026-03-21 17:59:08,340 | polymarket | INFO | DRY RUN: Would place NO order for 540819 at 0.5557092061493061 size 20.0
2026-03-21 17:59:08,340 | utils | INFO | TRADE EXECUTED: SNIPE | Market: 540819 | Size: 20.0 | Expected P&L: N/A
2026-03-21 17:59:11,978 | strategies | INFO | 🎯 Sniping opportunity: NO at 0.59774780569636648 (edge: 0.0777)
2026-03-21 17:59:11,978 | utils | INFO | SNIPE: NO | Price: 0.5977 | Edge: 0.0777
2026-03-21 17:59:11,980 | polymarket | INFO | DRY RUN: Would place NO order for 531202 at 0.59774780569636648 size 20.0
2026-03-21 17:59:11,980 | utils | INFO | TRADE EXECUTED: SNIPE | Market: 531202 | Size: 20.0 | Expected P&L: N/A
2026-03-21 17:59:12,331 | httpx | INFO | HTTP Request: POST https://api.telegram.org/bot7377493035:AAGj7givCiG02bio_4TnVxLxV31fuOUHzqc/getUpdates "HTTP/1.1 200 OK"
2026-03-21 17:59:12,481 | strategies | INFO | 🎯 Sniping opportunity: NO at 0.60824358841453837 (edge: 0.0882)
2026-03-21 17:59:12,482 | utils | INFO | SNIPE: NO | Price: 0.6082 | Edge: 0.0882
2026-03-21 17:59:12,482 | polymarket | INFO | DRY RUN: Would place NO order for 540816 at 0.60824358841453837 size 20.0
2026-03-21 17:59:12,482 | utils | INFO | TRADE EXECUTED: SNIPE | Market: 540816 | Size: 20.0 | Expected P&L: N/A
2026-03-21 17:59:13,119 | strategies | INFO | 🎯 Sniping opportunity: YES at 0.581645788461100914 (edge: 0.0616)
2026-03-21 17:59:13,119 | utils | INFO | SNIPE: YES | Price: 0.5816 | Edge: 0.0616
2026-03-21 17:59:13,119 | polymarket | INFO | DRY RUN: Would place YES order for 540817 at 0.581645788461100914 size 20.0
2026-03-21 17:59:13,120 | utils | INFO | TRADE EXECUTED: SNIPE | Market: 540817 | Size: 20.0 | Expected P&L: N/A
2026-03-21 17:59:13,621 | strategies | INFO | 🎯 Sniping opportunity: YES at 0.61461219778519933 (edge: 0.0946)
2026-03-21 17:59:13,621 | utils | INFO | SNIPE: YES | Price: 0.6146 | Edge: 0.0946
2026-03-21 17:59:13,621 | polymarket | INFO | DRY RUN: Would place YES order for 540818 at 0.61461219778519933 size 20.0
2026-03-21 17:59:13,621 | utils | INFO | TRADE EXECUTED: SNIPE | Market: 540818 | Size: 20.0 | Expected P&L: N/A
2026-03-21 17:59:14,255 | strategies | INFO | 🎯 Sniping opportunity: NO at 0.57701449005073798 (edge: 0.0570)
2026-03-21 17:59:14,256 | utils | INFO | SNIPE: NO | Price: 0.5770 | Edge: 0.0570
2026-03-21 17:59:14,256 | polymarket | INFO | DRY RUN: Would place NO order for 540819 at 0.57701449005073798 size 20.0
2026-03-21 17:59:14,256 | utils | INFO | TRADE EXECUTED: SNIPE | Market: 540819 | Size: 20.0 | Expected P&L: N/A
2026-03-21 17:59:17,896 | strategies | INFO | 🎯 Sniping opportunity: NO at 0.56557995869411211 (edge: 0.0456)
2026-03-21 17:59:17,897 | utils | INFO | SNIPE: NO | Price: 0.5656 | Edge: 0.0456
2026-03-21 17:59:17,898 | polymarket | INFO | DRY RUN: Would place NO order for 531202 at 0.56557995869411211 size 20.0
2026-03-21 17:59:17,899 | utils | INFO | TRADE EXECUTED: SNIPE | Market: 531202 | Size: 20.0 | Expected P&L: N/A
2026-03-21 17:59:18,400 | __main__ | ERROR | Error processing market 540816: 'edge'
2026-03-21 17:59:18,402 | strategies | INFO | 🎯 Sniping opportunity: YES at 0.5811118302248328 (edge: 0.0611)
2026-03-21 17:59:18,402 | utils | INFO | SNIPE: YES | Price: 0.5811 | Edge: 0.0611
2026-03-21 17:59:18,404 | polymarket | INFO | DRY RUN: Would place YES order for 540818 at 0.5811118302248328 size 20.0
2026-03-21 17:59:18,404 | utils | INFO | TRADE EXECUTED: SNIPE | Market: 540818 | Size: 20.0 | Expected P&L: N/A
2026-03-21 17:59:22,180 | strategies | INFO | 🎯 Sniping opportunity: NO at 0.54049160750268808 (edge: 0.0205)
2026-03-21 17:59:22,181 | utils | INFO | SNIPE: NO | Price: 0.5405 | Edge: 0.0205
2026-03-21 17:59:22,182 | polymarket | INFO | DRY RUN: Would place NO order for 531202 at 0.54049160750268808 size 20.0
2026-03-21 17:59:22,182 | utils | INFO | TRADE EXECUTED: SNIPE | Market: 531202 | Size: 20.0 | Expected P&L: N/A
2026-03-21 17:59:22,519 | httpx | INFO | HTTP Request: POST https://api.telegram.org/bot7377493035:AAGj7givCiG02bio_4TnVxLxV31fuOUHzqc/getUpdates "HTTP/1.1 200 OK"
2026-03-21 17:59:22,683 | strategies | INFO | 🎯 Sniping opportunity: YES at 0.58258873065057904 (edge: 0.0626)
2026-03-21 17:59:22,684 | utils | INFO | SNIPE: YES | Price: 0.5826 | Edge: 0.0626
2026-03-21 17:59:22,684 | polymarket | INFO | DRY RUN: Would place YES order for 540816 at 0.58258873065057904 size 20.0
2026-03-21 17:59:22,684 | utils | INFO | TRADE EXECUTED: SNIPE | Market: 540816 | Size: 20.0 | Expected P&L: N/A
2026-03-21 17:59:23,319 | strategies | INFO | 🎯 Sniping opportunity: YES at 0.56344384243594096 (edge: 0.0434)
2026-03-21 17:59:23,319 | utils | INFO | SNIPE: YES | Price: 0.5634 | Edge: 0.0434
2026-03-21 17:59:23,319 | polymarket | INFO | DRY RUN: Would place YES order for 540817 at 0.56344384243594096 size 20.0
2026-03-21 17:59:23,319 | utils | INFO | TRADE EXECUTED: SNIPE | Market: 540817 | Size: 20.0 | Expected P&L: N/A
2026-03-21 17:59:23,820 | strategies | INFO | 🎯 Sniping opportunity: NO at 0.55385901628608144 (edge: 0.0339)
2026-03-21 17:59:23,820 | utils | INFO | SNIPE: NO | Price: 0.5539 | Edge: 0.0339
2026-03-21 17:59:23,820 | polymarket | INFO | DRY RUN: Would place NO order for 540818 at 0.55385901628608144 size 20.0
2026-03-21 17:59:23,821 | utils | INFO | TRADE EXECUTED: SNIPE | Market: 540818 | Size: 20.0 | Expected P&L: N/A
2026-03-21 17:59:24,457 | strategies | INFO | 🎯 Sniping opportunity: YES at 0.61400651777566993 (edge: 0.0940)
2026-03-21 17:59:24,457 | utils | INFO | SNIPE: YES | Price: 0.6140 | Edge: 0.0940
2026-03-21 17:59:24,457 | polymarket | INFO | DRY RUN: Would place YES order for 540819 at 0.61400651777566993 size 20.0
2026-03-21 17:59:24,458 | utils | INFO | TRADE EXECUTED: SNIPE | Market: 540819 | Size: 20.0 | Expected P&L: N/A
2026-03-21 17:59:28,097 | strategies | INFO | 🎯 Sniping opportunity: NO at 0.59939046746778256 (edge: 0.0794)
2026-03-21 17:59:28,097 | utils | INFO | SNIPE: NO | Price: 0.5994 | Edge: 0.0794
2026-03-21 17:59:28,097 | polymarket | INFO | DRY RUN: Would place NO order for 531202 at 0.59939046746778256 size 20.0
2026-03-21 17:59:28,097 | utils | INFO | TRADE EXECUTED: SNIPE | Market: 531202 | Size: 20.0 | Expected P&L: N/A
2026-03-21 17:59:28,599 | strategies | INFO | 🎯 Sniping opportunity: YES at 0.60068422081698964 (edge: 0.0807)
2026-03-21 17:59:28,599 | utils | INFO | SNIPE: YES | Price: 0.6007 | Edge: 0.0807
2026-03-21 17:59:28,599 | polymarket | INFO | DRY RUN: Would place YES order for 540816 at 0.60068422081698964 size 20.0
2026-03-21 17:59:28,599 | utils | INFO | TRADE EXECUTED: SNIPE | Market: 540816 | Size: 20.0 | Expected P&L: N/A
2026-03-21 17:59:29,233 | strategies | INFO | 🎯 Sniping opportunity: YES at 0.61692390173714363 (edge: 0.0969)
2026-03-21 17:59:29,233 | utils | INFO | SNIPE: YES | Price: 0.6169 | Edge: 0.0969
2026-03-21 17:59:29,233 | polymarket | INFO | DRY RUN: Would place YES order for 540817 at 0.61692390173714363 size 20.0
2026-03-21 17:59:29,233 | utils | INFO | TRADE EXECUTED: SNIPE | Market: 540817 | Size: 20.0 | Expected P&L: N/A
2026-03-21 17:59:29,734 | strategies | INFO | 🎯 Sniping opportunity: NO at 0.55349922178853218 (edge: 0.0335)
2026-03-21 17:59:29,736 | utils | INFO | SNIPE: NO | Price: 0.5535 | Edge: 0.0335
2026-03-21 17:59:29,736 | polymarket | INFO | DRY RUN: Would place NO order for 540818 at 0.55349922178853218 size 20.0
2026-03-21 17:59:29,736 | utils | INFO | TRADE EXECUTED: SNIPE | Market: 540818 | Size: 20.0 | Expected P&L: N/A
2026-03-21 17:59:30,373 | strategies | INFO | 🎯 Sniping opportunity: NO at 0.55651884617225208 (edge: 0.0365)
2026-03-21 17:59:30,373 | utils | INFO | SNIPE: NO | Price: 0.5565 | Edge: 0.0365
2026-03-21 17:59:30,373 | polymarket | INFO | DRY RUN: Would place NO order for 540819 at 0.55651884617225208 size 20.0
2026-03-21 17:59:30,373 | utils | INFO | TRADE EXECUTED: SNIPE | Market: 540819 | Size: 20.0 | Expected P&L: N/A
2026-03-21 17:59:32,693 | httpx | INFO | HTTP Request: POST https://api.telegram.org/bot7377493035:AAGj7givCiG02bio_4TnVxLxV31fuOUHzqc/getUpdates "HTTP/1.1 200 OK"
2026-03-21 17:59:34,011 | strategies | INFO | 🎯 Sniping opportunity: NO at 0.58029338395656201 (edge: 0.0603)
2026-03-21 17:59:34,011 | utils | INFO | SNIPE: NO | Price: 0.5803 | Edge: 0.0603
2026-03-21 17:59:34,011 | polymarket | INFO | DRY RUN: Would place NO order for 531202 at 0.58029338395656201 size 20.0
2026-03-21 17:59:34,012 | utils | INFO | TRADE EXECUTED: SNIPE | Market: 531202 | Size: 20.0 | Expected P&L: N/A
2026-03-21 17:59:34,513 | strategies | INFO | 🎯 Sniping opportunity: YES at 0.60748773781841451 (edge: 0.0875)
2026-03-21 17:59:34,513 | utils | INFO | SNIPE: YES | Price: 0.6075 | Edge: 0.0875
2026-03-21 17:59:34,513 | polymarket | INFO | DRY RUN: Would place YES order for 540816 at 0.60748773781841451 size 20.0
2026-03-21 17:59:34,514 | utils | INFO | TRADE EXECUTED: SNIPE | Market: 540816 | Size: 20.0 | Expected P&L: N/A
2026-03-21 17:59:35,149 | strategies | INFO | 🎯 Sniping opportunity: YES at 0.60937246500916249 (edge: 0.0894)
2026-03-21 17:59:35,149 | utils | INFO | SNIPE: YES | Price: 0.6094 | Edge: 0.0894
2026-03-21 17:59:35,149 | polymarket | INFO | DRY RUN: Would place YES order for 540817 at 0.60937246500916249 size 20.0
2026-03-21 17:59:35,149 | utils | INFO | TRADE EXECUTED: SNIPE | Market: 540817 | Size: 20.0 | Expected P&L: N/A
2026-03-21 17:59:35,650 | strategies | INFO | 🎯 Sniping opportunity: YES at 0.60785659865773213 (edge: 0.0879)
2026-03-21 17:59:35,651 | utils | INFO | SNIPE: YES | Price: 0.6079 | Edge: 0.0879
2026-03-21 17:59:35,651 | polymarket | INFO | DRY RUN: Would place YES order for 540818 at 0.60785659865773213 size 20.0
2026-03-21 17:59:35,651 | utils | INFO | TRADE EXECUTED: SNIPE | Market: 540818 | Size: 20.0 | Expected P&L: N/A
2026-03-21 17:59:36,286 | strategies | INFO | 🎯 Sniping opportunity: YES at 0.569510309962718047 (edge: 0.0495)
2026-03-21 17:59:36,287 | utils | INFO | SNIPE: YES | Price: 0.5695 | Edge: 0.0495
2026-03-21 17:59:36,287 | polymarket | INFO | DRY RUN: Would place YES order for 540819 at 0.569510309962718047 size 20.0
2026-03-21 17:59:36,287 | utils | INFO | TRADE EXECUTED: SNIPE | Market: 540819 | Size: 20.0 | Expected P&L: N/A
2026-03-21 17:59:39,928 | strategies | INFO | 🎯 Sniping opportunity: YES at 0.57995555587939941 (edge: 0.0600)
2026-03-21 17:59:39,928 | utils | INFO | SNIPE: YES | Price: 0.5800 | Edge: 0.0600
2026-03-21 17:59:39,928 | polymarket | INFO | DRY RUN: Would place YES order for 540816 at 0.57995555587939941 size 20.0
2026-03-21 17:59:39,928 | utils | INFO | TRADE EXECUTED: SNIPE | Market: 540816 | Size: 20.0 | Expected P&L: N/A
2026-03-21 17:59:40,429 | strategies | INFO | 🎯 Sniping opportunity: YES at 0.57120605405633813 (edge: 0.0512)
2026-03-21 17:59:40,429 | utils | INFO | SNIPE: YES | Price: 0.5712 | Edge: 0.0512
2026-03-21 17:59:40,430 | polymarket | INFO | DRY RUN: Would place YES order for 540817 at 0.57120605405633813 size 20.0
2026-03-21 17:59:40,430 | utils | INFO | TRADE EXECUTED: SNIPE | Market: 540817 | Size: 20.0 | Expected P&L: N/A
2026-03-21 17:59:42,880 | httpx | INFO | HTTP Request: POST https://api.telegram.org/bot7377493035:AAGj7givCiG02bio_4TnVxLxV31fuOUHzqc/getUpdates "HTTP/1.1 200 OK"
2026-03-21 17:59:44,203 | strategies | INFO | 🎯 Sniping opportunity: YES at 0.569054171523293666 (edge: 0.0491)
2026-03-21 17:59:44,203 | utils | INFO | SNIPE: YES | Price: 0.5691 | Edge: 0.0491
2026-03-21 17:59:44,204 | polymarket | INFO | DRY RUN: Would place YES order for 531202 at 0.569054171523293666 size 20.0
2026-03-21 17:59:44,204 | utils | INFO | TRADE EXECUTED: SNIPE | Market: 531202 | Size: 20.0 | Expected P&L: N/A
2026-03-21 17:59:44,705 | strategies | INFO | 🎯 Sniping opportunity: YES at 0.61002435739137113 (edge: 0.0900)
2026-03-21 17:59:44,706 | utils | INFO | SNIPE: YES | Price: 0.6100 | Edge: 0.0900
2026-03-21 17:59:44,706 | polymarket | INFO | DRY RUN: Would place YES order for 540816 at 0.61002435739137113 size 20.0
2026-03-21 17:59:44,706 | utils | INFO | TRADE EXECUTED: SNIPE | Market: 540816 | Size: 20.0 | Expected P&L: N/A
2026-03-21 17:59:45,342 | strategies | INFO | 🎯 Sniping opportunity: NO at 0.544699899900467198 (edge: 0.0247)
2026-03-21 17:59:45,342 | utils | INFO | SNIPE: NO | Price: 0.5447 | Edge: 0.0247
2026-03-21 17:59:45,342 | polymarket | INFO | DRY RUN: Would place NO order for 540817 at 0.544699899900467198 size 20.0
2026-03-21 17:59:45,342 | utils | INFO | TRADE EXECUTED: SNIPE | Market: 540817 | Size: 20.0 | Expected P&L: N/A
2026-03-21 17:59:45,843 | strategies | INFO | 🎯 Sniping opportunity: YES at 0.58584531790309486 (edge: 0.0658)
2026-03-21 17:59:45,844 | utils | INFO | SNIPE: YES | Price: 0.5858 | Edge: 0.0658
2026-03-21 17:59:45,844 | polymarket | INFO | DRY RUN: Would place YES order for 540818 at 0.58584531790309486 size 20.0
2026-03-21 17:59:45,844 | utils | INFO | TRADE EXECUTED: SNIPE | Market: 540818 | Size: 20.0 | Expected P&L: N/A
2026-03-21 17:59:46,480 | strategies | INFO | 🎯 Sniping opportunity: YES at 0.57076448820423771 (edge: 0.0508)
2026-03-21 17:59:46,480 | utils | INFO | SNIPE: YES | Price: 0.5708 | Edge: 0.0508
2026-03-21 17:59:46,480 | polymarket | INFO | DRY RUN: Would place YES order for 540819 at 0.57076448820423771 size 20.0
2026-03-21 17:59:46,481 | utils | INFO | TRADE EXECUTED: SNIPE | Market: 540819 | Size: 20.0 | Expected P&L: N/A
2026-03-21 17:59:50,119 | strategies | INFO | 🎯 Sniping opportunity: YES at 0.540668868885666075 (edge: 0.0207)
2026-03-21 17:59:50,119 | utils | INFO | SNIPE: YES | Price: 0.5407 | Edge: 0.0207
2026-03-21 17:59:50,119 | polymarket | INFO | DRY RUN: Would place YES order for 531202 at 0.540668868885666075 size 20.0
2026-03-21 17:59:50,119 | utils | INFO | TRADE EXECUTED: SNIPE | Market: 531202 | Size: 20.0 | Expected P&L: N/A
2026-03-21 17:59:50,620 | strategies | INFO | 🎯 Sniping opportunity: NO at 0.54454902965844004 (edge: 0.0245)
2026-03-21 17:59:50,621 | utils | INFO | SNIPE: NO | Price: 0.5445 | Edge: 0.0245
2026-03-21 17:59:50,621 | polymarket | INFO | DRY RUN: Would place NO order for 540816 at 0.54454902965844004 size 20.0
2026-03-21 17:59:50,621 | utils | INFO | TRADE EXECUTED: SNIPE | Market: 540816 | Size: 20.0 | Expected P&L: N/A
2026-03-21 17:59:51,258 | strategies | INFO | 🎯 Sniping opportunity: NO at 0.57934762963747751 (edge: 0.0593)
2026-03-21 17:59:51,258 | utils | INFO | SNIPE: NO | Price: 0.5793 | Edge: 0.0593
2026-03-21 17:59:51,258 | polymarket | INFO | DRY RUN: Would place NO order for 540817 at 0.57934762963747751 size 20.0
2026-03-21 17:59:51,258 | utils | INFO | TRADE EXECUTED: SNIPE | Market: 540817 | Size: 20.0 | Expected P&L: N/A
2026-03-21 17:59:51,759 | strategies | INFO | 🎯 Sniping opportunity: YES at 0.55916723663020488 (edge: 0.0392)
2026-03-21 17:59:51,759 | utils | INFO | SNIPE: YES | Price: 0.5592 | Edge: 0.0392
2026-03-21 17:59:51,759 | polymarket | INFO | DRY RUN: Would place YES order for 540819 at 0.55916723663020488 size 20.0
2026-03-21 17:59:51,760 | utils | INFO | TRADE EXECUTED: SNIPE | Market: 540819 | Size: 20.0 | Expected P&L: N/A
2026-03-21 17:59:53,055 | httpx | INFO | HTTP Request: POST https://api.telegram.org/bot7377493035:AAGj7givCiG02bio_4TnVxLxV31fuOUHzqc/getUpdates "HTTP/1.1 200 OK"
2026-03-21 17:59:55,402 | strategies | INFO | 🎯 Sniping opportunity: NO at 0.59116650954581574 (edge: 0.0712)
2026-03-21 17:59:55,402 | utils | INFO | SNIPE: NO | Price: 0.5912 | Edge: 0.0712
2026-03-21 17:59:55,402 | polymarket | INFO | DRY RUN: Would place NO order for 531202 at 0.59116650954581574 size 20.0
2026-03-21 17:59:55,402 | utils | INFO | TRADE EXECUTED: SNIPE | Market: 531202 | Size: 20.0 | Expected P&L: N/A
2026-03-21 17:59:55,904 | strategies | INFO | 🎯 Sniping opportunity: NO at 0.568758213049770883 (edge: 0.0488)
2026-03-21 17:59:55,905 | utils | INFO | SNIPE: NO | Price: 0.5688 | Edge: 0.0488
2026-03-21 17:59:55,906 | polymarket | INFO | DRY RUN: Would place NO order for 540816 at 0.568758213049770883 size 20.0
2026-03-21 17:59:55,907 | utils | INFO | TRADE EXECUTED: SNIPE | Market: 540816 | Size: 20.0 | Expected P&L: N/A
2026-03-21 17:59:56,544 | strategies | INFO | 🎯 Sniping opportunity: NO at 0.59326851089444462 (edge: 0.0733)
2026-03-21 17:59:56,545 | utils | INFO | SNIPE: NO | Price: 0.5933 | Edge: 0.0733
2026-03-21 17:59:56,546 | polymarket | INFO | DRY RUN: Would place NO order for 540817 at 0.59326851089444462 size 20.0
2026-03-21 17:59:56,546 | utils | INFO | TRADE EXECUTED: SNIPE | Market: 540817 | Size: 20.0 | Expected P&L: N/A
2026-03-21 17:59:57,047 | strategies | INFO | 🎯 Sniping opportunity: YES at 0.61986262619855438 (edge: 0.0999)
2026-03-21 17:59:57,048 | utils | INFO | SNIPE: YES | Price: 0.6199 | Edge: 0.0999
2026-03-21 17:59:57,048 | polymarket | INFO | DRY RUN: Would place YES order for 540818 at 0.61986262619855438 size 20.0
2026-03-21 17:59:57,048 | utils | INFO | TRADE EXECUTED: SNIPE | Market: 540818 | Size: 20.0 | Expected P&L: N/A
2026-03-21 17:59:57,683 | strategies | INFO | 🎯 Sniping opportunity: YES at 0.544460703747316653 (edge: 0.0245)
2026-03-21 17:59:57,683 | utils | INFO | SNIPE: YES | Price: 0.5445 | Edge: 0.0245
2026-03-21 17:59:57,683 | polymarket | INFO | DRY RUN: Would place YES order for 540819 at 0.544460703747316653 size 20.0
2026-03-21 17:59:57,683 | utils | INFO | TRADE EXECUTED: SNIPE | Market: 540819 | Size: 20.0 | Expected P&L: N/A
2026-03-21 18:00:01,327 | strategies | INFO | 🎯 Sniping opportunity: NO at 0.56299550233150815 (edge: 0.0430)
2026-03-21 18:00:01,328 | utils | INFO | SNIPE: NO | Price: 0.5630 | Edge: 0.0430
2026-03-21 18:00:01,330 | polymarket | INFO | DRY RUN: Would place NO order for 540816 at 0.56299550233150815 size 20.0
2026-03-21 18:00:01,330 | utils | INFO | TRADE EXECUTED: SNIPE | Market: 540816 | Size: 20.0 | Expected P&L: N/A
2026-03-21 18:00:01,831 | strategies | INFO | 🎯 Sniping opportunity: NO at 0.61126789688537316 (edge: 0.0913)
2026-03-21 18:00:01,832 | utils | INFO | SNIPE: NO | Price: 0.6113 | Edge: 0.0913
2026-03-21 18:00:01,832 | polymarket | INFO | DRY RUN: Would place NO order for 540817 at 0.61126789688537316 size 20.0
2026-03-21 18:00:01,832 | utils | INFO | TRADE EXECUTED: SNIPE | Market: 540817 | Size: 20.0 | Expected P&L: N/A
2026-03-21 18:00:02,468 | strategies | INFO | 🎯 Sniping opportunity: NO at 0.56681303226152916 (edge: 0.0468)
2026-03-21 18:00:02,471 | utils | INFO | SNIPE: NO | Price: 0.5668 | Edge: 0.0468
2026-03-21 18:00:02,472 | polymarket | INFO | DRY RUN: Would place NO order for 540818 at 0.56681303226152916 size 20.0
2026-03-21 18:00:02,472 | utils | INFO | TRADE EXECUTED: SNIPE | Market: 540818 | Size: 20.0 | Expected P&L: N/A
2026-03-21 18:00:02,973 | strategies | INFO | 🎯 Sniping opportunity: YES at 0.57915924354953431 (edge: 0.0592)
2026-03-21 18:00:02,973 | utils | INFO | SNIPE: YES | Price: 0.5792 | Edge: 0.0592
2026-03-21 18:00:02,973 | polymarket | INFO | DRY RUN: Would place YES order for 540819 at 0.57915924354953431 size 20.0
2026-03-21 18:00:02,973 | utils | INFO | TRADE EXECUTED: SNIPE | Market: 540819 | Size: 20.0 | Expected P&L: N/A
2026-03-21 18:00:03,235 | httpx | INFO | HTTP Request: POST https://api.telegram.org/bot7377493035:AAGj7givCiG02bio_4TnVxLxV31fuOUHzqc/getUpdates "HTTP/1.1 200 OK"
2026-03-21 18:00:06,613 | strategies | INFO | 🎯 Sniping opportunity: NO at 0.55882814321238355 (edge: 0.0388)
2026-03-21 18:00:06,614 | utils | INFO | SNIPE: NO | Price: 0.5588 | Edge: 0.0388
2026-03-21 18:00:06,615 | polymarket | INFO | DRY RUN: Would place NO order for 531202 at 0.55882814321238355 size 20.0
2026-03-21 18:00:06,615 | utils | INFO | TRADE EXECUTED: SNIPE | Market: 531202 | Size: 20.0 | Expected P&L: N/A
2026-03-21 18:00:07,116 | strategies | INFO | 🎯 Sniping opportunity: NO at 0.6010227181124714 (edge: 0.0810)
2026-03-21 18:00:07,117 | utils | INFO | SNIPE: NO | Price: 0.6010 | Edge: 0.0810
2026-03-21 18:00:07,118 | polymarket | INFO | DRY RUN: Would place NO order for 540816 at 0.6010227181124714 size 20.0
2026-03-21 18:00:07,118 | utils | INFO | TRADE EXECUTED: SNIPE | Market: 540816 | Size: 20.0 | Expected P&L: N/A
2026-03-21 18:00:07,757 | strategies | INFO | 🎯 Sniping opportunity: YES at 0.58074032313284766 (edge: 0.0607)
2026-03-21 18:00:07,757 | utils | INFO | SNIPE: YES | Price: 0.5807 | Edge: 0.0607
2026-03-21 18:00:07,757 | polymarket | INFO | DRY RUN: Would place YES order for 540818 at 0.58074032313284766 size 20.0
2026-03-21 18:00:07,757 | utils | INFO | TRADE EXECUTED: SNIPE | Market: 540818 | Size: 20.0 | Expected P&L: N/A
2026-03-21 18:00:08,259 | strategies | INFO | 🎯 Sniping opportunity: NO at 0.59010184612485466 (edge: 0.0701)
2026-03-21 18:00:08,260 | utils | INFO | SNIPE: NO | Price: 0.5901 | Edge: 0.0701
2026-03-21 18:00:08,260 | polymarket | INFO | DRY RUN: Would place NO order for 540819 at 0.59010184612485466 size 20.0
2026-03-21 18:00:08,260 | utils | INFO | TRADE EXECUTED: SNIPE | Market: 540819 | Size: 20.0 | Expected P&L: N/A
2026-03-21 18:00:11,903 | strategies | INFO | 🎯 Sniping opportunity: NO at 0.56061319340100311 (edge: 0.0406)
2026-03-21 18:00:11,906 | utils | INFO | SNIPE: NO | Price: 0.5606 | Edge: 0.0406
2026-03-21 18:00:11,908 | polymarket | INFO | DRY RUN: Would place NO order for 531202 at 0.56061319340100311 size 20.0
2026-03-21 18:00:11,909 | utils | INFO | TRADE EXECUTED: SNIPE | Market: 531202 | Size: 20.0 | Expected P&L: N/A
2026-03-21 18:00:12,411 | strategies | INFO | 🎯 Sniping opportunity: YES at 0.55504023459733302 (edge: 0.0350)
2026-03-21 18:00:12,411 | utils | INFO | SNIPE: YES | Price: 0.5550 | Edge: 0.0350
2026-03-21 18:00:12,412 | polymarket | INFO | DRY RUN: Would place YES order for 540816 at 0.55504023459733302 size 20.0
2026-03-21 18:00:12,412 | utils | INFO | TRADE EXECUTED: SNIPE | Market: 540816 | Size: 20.0 | Expected P&L: N/A
2026-03-21 18:00:13,050 | strategies | INFO | 🎯 Sniping opportunity: YES at 0.5952917918462695 (edge: 0.0753)
2026-03-21 18:00:13,051 | utils | INFO | SNIPE: YES | Price: 0.5953 | Edge: 0.0753
2026-03-21 18:00:13,051 | polymarket | INFO | DRY RUN: Would place YES order for 540817 at 0.5952917918462695 size 20.0
2026-03-21 18:00:13,052 | utils | INFO | TRADE EXECUTED: SNIPE | Market: 540817 | Size: 20.0 | Expected P&L: N/A
2026-03-21 18:00:13,409 | httpx | INFO | HTTP Request: POST https://api.telegram.org/bot7377493035:AAGj7givCiG02bio_4TnVxLxV31fuOUHzqc/getUpdates "HTTP/1.1 200 OK"
2026-03-21 18:00:13,554 | strategies | INFO | 🎯 Sniping opportunity: YES at 0.54733725459269551 (edge: 0.0273)
2026-03-21 18:00:13,555 | utils | INFO | SNIPE: YES | Price: 0.5473 | Edge: 0.0273
2026-03-21 18:00:13,555 | polymarket | INFO | DRY RUN: Would place YES order for 540818 at 0.54733725459269551 size 20.0
2026-03-21 18:00:13,555 | utils | INFO | TRADE EXECUTED: SNIPE | Market: 540818 | Size: 20.0 | Expected P&L: N/A
2026-03-21 18:00:14,192 | strategies | INFO | 🎯 Sniping opportunity: YES at 0.6057569021758472 (edge: 0.0858)
2026-03-21 18:00:14,192 | utils | INFO | SNIPE: YES | Price: 0.6058 | Edge: 0.0858
2026-03-21 18:00:14,192 | polymarket | INFO | DRY RUN: Would place YES order for 540819 at 0.6057569021758472 size 20.0
2026-03-21 18:00:14,192 | utils | INFO | TRADE EXECUTED: SNIPE | Market: 540819 | Size: 20.0 | Expected P&L: N/A
2026-03-21 18:00:17,831 | strategies | INFO | 🎯 Sniping opportunity: NO at 0.574511066242399965 (edge: 0.0545)
2026-03-21 18:00:17,832 | utils | INFO | SNIPE: NO | Price: 0.5745 | Edge: 0.0545
2026-03-21 18:00:17,833 | polymarket | INFO | DRY RUN: Would place NO order for 540816 at 0.574511066242399965 size 20.0
2026-03-21 18:00:17,833 | utils | INFO | TRADE EXECUTED: SNIPE | Market: 540816 | Size: 20.0 | Expected P&L: N/A
2026-03-21 18:00:18,339 | strategies | INFO | 🎯 Sniping opportunity: YES at 0.5919328829469113 (edge: 0.0719)
2026-03-21 18:00:18,345 | utils | INFO | SNIPE: YES | Price: 0.5919 | Edge: 0.0719
2026-03-21 18:00:18,346 | polymarket | INFO | DRY RUN: Would place YES order for 540818 at 0.5919328829469113 size 20.0
2026-03-21 18:00:18,349 | utils | INFO | TRADE EXECUTED: SNIPE | Market: 540818 | Size: 20.0 | Expected P&L: N/A
2026-03-21 18:00:18,989 | strategies | INFO | 🎯 Sniping opportunity: YES at 0.562387753225712116 (edge: 0.0424)
2026-03-21 18:00:18,990 | utils | INFO | SNIPE: YES | Price: 0.5624 | Edge: 0.0424
2026-03-21 18:00:18,991 | polymarket | INFO | DRY RUN: Would place YES order for 540819 at 0.562387753225712116 size 20.0
2026-03-21 18:00:18,992 | utils | INFO | TRADE EXECUTED: SNIPE | Market: 540819 | Size: 20.0 | Expected P&L: N/A
2026-03-21 18:00:22,632 | __main__ | ERROR | Error processing market 540816: 'edge'
2026-03-21 18:00:22,633 | strategies | INFO | 🎯 Sniping opportunity: NO at 0.557561946800296654 (edge: 0.0376)
2026-03-21 18:00:22,634 | utils | INFO | SNIPE: NO | Price: 0.5576 | Edge: 0.0376
2026-03-21 18:00:22,635 | polymarket | INFO | DRY RUN: Would place NO order for 540817 at 0.557561946800296654 size 20.0
2026-03-21 18:00:22,635 | utils | INFO | TRADE EXECUTED: SNIPE | Market: 540817 | Size: 20.0 | Expected P&L: N/A
2026-03-21 18:00:23,137 | strategies | INFO | 🎯 Sniping opportunity: YES at 0.54379388527232469 (edge: 0.0238)
2026-03-21 18:00:23,137 | utils | INFO | SNIPE: YES | Price: 0.5438 | Edge: 0.0238
2026-03-21 18:00:23,139 | polymarket | INFO | DRY RUN: Would place YES order for 540818 at 0.54379388527232469 size 20.0
2026-03-21 18:00:23,139 | utils | INFO | TRADE EXECUTED: SNIPE | Market: 540818 | Size: 20.0 | Expected P&L: N/A
2026-03-21 18:00:23,585 | httpx | INFO | HTTP Request: POST https://api.telegram.org/bot7377493035:AAGj7givCiG02bio_4TnVxLxV31fuOUHzqc/getUpdates "HTTP/1.1 200 OK"
2026-03-21 18:00:23,776 | strategies | INFO | 🎯 Sniping opportunity: YES at 0.5749165144166493 (edge: 0.0549)
2026-03-21 18:00:23,777 | utils | INFO | SNIPE: YES | Price: 0.5749 | Edge: 0.0549
2026-03-21 18:00:23,777 | polymarket | INFO | DRY RUN: Would place YES order for 540819 at 0.5749165144166493 size 20.0
2026-03-21 18:00:23,777 | utils | INFO | TRADE EXECUTED: SNIPE | Market: 540819 | Size: 20.0 | Expected P&L: N/A
2026-03-21 18:00:27,420 | __main__ | ERROR | Error processing market 540819: 'edge'
2026-03-21 18:00:30,559 | strategies | INFO | 🎯 Sniping opportunity: NO at 0.558365170307968204 (edge: 0.0384)
2026-03-21 18:00:30,560 | utils | INFO | SNIPE: NO | Price: 0.5584 | Edge: 0.0384
2026-03-21 18:00:30,560 | polymarket | INFO | DRY RUN: Would place NO order for 540816 at 0.558365170307968204 size 20.0
2026-03-21 18:00:30,560 | utils | INFO | TRADE EXECUTED: SNIPE | Market: 540816 | Size: 20.0 | Expected P&L: N/A
2026-03-21 18:00:31,062 | strategies | INFO | 🎯 Sniping opportunity: NO at 0.56918583440626032 (edge: 0.0492)
2026-03-21 18:00:31,062 | utils | INFO | SNIPE: NO | Price: 0.5692 | Edge: 0.0492
2026-03-21 18:00:31,062 | polymarket | INFO | DRY RUN: Would place NO order for 540817 at 0.56918583440626032 size 20.0
2026-03-21 18:00:31,062 | utils | INFO | TRADE EXECUTED: SNIPE | Market: 540817 | Size: 20.0 | Expected P&L: N/A
2026-03-21 18:00:31,700 | strategies | INFO | 🎯 Sniping opportunity: NO at 0.61970485855200213 (edge: 0.0997)
2026-03-21 18:00:31,700 | utils | INFO | SNIPE: NO | Price: 0.6197 | Edge: 0.0997
2026-03-21 18:00:31,700 | polymarket | INFO | DRY RUN: Would place NO order for 540818 at 0.61970485855200213 size 20.0
2026-03-21 18:00:31,700 | utils | INFO | TRADE EXECUTED: SNIPE | Market: 540818 | Size: 20.0 | Expected P&L: N/A
2026-03-21 18:00:32,201 | __main__ | ERROR | Error processing market 540819: 'edge'
2026-03-21 18:00:33,762 | httpx | INFO | HTTP Request: POST https://api.telegram.org/bot7377493035:AAGj7givCiG02bio_4TnVxLxV31fuOUHzqc/getUpdates "HTTP/1.1 200 OK"
2026-03-21 18:00:35,341 | strategies | INFO | 🎯 Sniping opportunity: YES at 0.542829934383191558 (edge: 0.0228)
2026-03-21 18:00:35,341 | utils | INFO | SNIPE: YES | Price: 0.5428 | Edge: 0.0228
2026-03-21 18:00:35,342 | polymarket | INFO | DRY RUN: Would place YES order for 540816 at 0.542829934383191558 size 20.0
2026-03-21 18:00:35,342 | utils | INFO | TRADE EXECUTED: SNIPE | Market: 540816 | Size: 20.0 | Expected P&L: N/A
2026-03-21 18:00:35,843 | strategies | INFO | 🎯 Sniping opportunity: NO at 0.56626814551330998 (edge: 0.0463)
2026-03-21 18:00:35,843 | utils | INFO | SNIPE: NO | Price: 0.5663 | Edge: 0.0463
2026-03-21 18:00:35,843 | polymarket | INFO | DRY RUN: Would place NO order for 540818 at 0.56626814551330998 size 20.0
2026-03-21 18:00:35,843 | utils | INFO | TRADE EXECUTED: SNIPE | Market: 540818 | Size: 20.0 | Expected P&L: N/A
2026-03-21 18:00:36,479 | strategies | INFO | 🎯 Sniping opportunity: NO at 0.57520499028507911 (edge: 0.0552)
2026-03-21 18:00:36,479 | utils | INFO | SNIPE: NO | Price: 0.5752 | Edge: 0.0552
2026-03-21 18:00:36,480 | polymarket | INFO | DRY RUN: Would place NO order for 540819 at 0.57520499028507911 size 20.0
2026-03-21 18:00:36,480 | utils | INFO | TRADE EXECUTED: SNIPE | Market: 540819 | Size: 20.0 | Expected P&L: N/A
2026-03-21 18:00:40,115 | strategies | INFO | 🎯 Sniping opportunity: YES at 0.58980162416700444 (edge: 0.0698)
2026-03-21 18:00:40,116 | utils | INFO | SNIPE: YES | Price: 0.5898 | Edge: 0.0698
2026-03-21 18:00:40,116 | polymarket | INFO | DRY RUN: Would place YES order for 531202 at 0.58980162416700444 size 20.0
2026-03-21 18:00:40,116 | utils | INFO | TRADE EXECUTED: SNIPE | Market: 531202 | Size: 20.0 | Expected P&L: N/A
2026-03-21 18:00:40,617 | strategies | INFO | 🎯 Sniping opportunity: NO at 0.5513401656156054 (edge: 0.0313)
2026-03-21 18:00:40,618 | utils | INFO | SNIPE: NO | Price: 0.5513 | Edge: 0.0313
2026-03-21 18:00:40,618 | polymarket | INFO | DRY RUN: Would place NO order for 540816 at 0.5513401656156054 size 20.0
2026-03-21 18:00:40,618 | utils | INFO | TRADE EXECUTED: SNIPE | Market: 540816 | Size: 20.0 | Expected P&L: N/A
2026-03-21 18:00:43,936 | httpx | INFO | HTTP Request: POST https://api.telegram.org/bot7377493035:AAGj7givCiG02bio_4TnVxLxV31fuOUHzqc/getUpdates "HTTP/1.1 200 OK"
2026-03-21 18:00:44,648 | strategies | INFO | 🎯 Sniping opportunity: YES at 0.578221877609446054 (edge: 0.0582)
2026-03-21 18:00:44,649 | utils | INFO | SNIPE: YES | Price: 0.5782 | Edge: 0.0582
2026-03-21 18:00:44,650 | polymarket | INFO | DRY RUN: Would place YES order for 531202 at 0.578221877609446054 size 20.0
2026-03-21 18:00:44,651 | utils | INFO | TRADE EXECUTED: SNIPE | Market: 531202 | Size: 20.0 | Expected P&L: N/A
2026-03-21 18:00:45,154 | strategies | INFO | 🎯 Sniping opportunity: YES at 0.60244843663394855 (edge: 0.0824)
2026-03-21 18:00:45,154 | utils | INFO | SNIPE: YES | Price: 0.6024 | Edge: 0.0824
2026-03-21 18:00:45,166 | polymarket | INFO | DRY RUN: Would place YES order for 540816 at 0.60244843663394855 size 20.0
2026-03-21 18:00:45,169 | utils | INFO | TRADE EXECUTED: SNIPE | Market: 540816 | Size: 20.0 | Expected P&L: N/A
2026-03-21 18:00:45,811 | __main__ | ERROR | Error processing market 540817: 'edge'
2026-03-21 18:00:45,811 | strategies | INFO | 🎯 Sniping opportunity: YES at 0.5535951511982438 (edge: 0.0336)
2026-03-21 18:00:45,811 | utils | INFO | SNIPE: YES | Price: 0.5536 | Edge: 0.0336
2026-03-21 18:00:45,811 | polymarket | INFO | DRY RUN: Would place YES order for 540818 at 0.5535951511982438 size 20.0
2026-03-21 18:00:45,812 | utils | INFO | TRADE EXECUTED: SNIPE | Market: 540818 | Size: 20.0 | Expected P&L: N/A
2026-03-21 18:00:46,313 | strategies | INFO | 🎯 Sniping opportunity: YES at 0.5949621374411166 (edge: 0.0750)
2026-03-21 18:00:46,313 | utils | INFO | SNIPE: YES | Price: 0.5950 | Edge: 0.0750
2026-03-21 18:00:46,313 | polymarket | INFO | DRY RUN: Would place YES order for 540819 at 0.5949621374411166 size 20.0
2026-03-21 18:00:46,313 | utils | INFO | TRADE EXECUTED: SNIPE | Market: 540819 | Size: 20.0 | Expected P&L: N/A
2026-03-21 18:00:49,951 | strategies | INFO | 🎯 Sniping opportunity: YES at 0.564760389971829684 (edge: 0.0448)
2026-03-21 18:00:49,952 | utils | INFO | SNIPE: YES | Price: 0.5648 | Edge: 0.0448
2026-03-21 18:00:49,953 | polymarket | INFO | DRY RUN: Would place YES order for 531202 at 0.564760389971829684 size 20.0
2026-03-21 18:00:49,953 | utils | INFO | TRADE EXECUTED: SNIPE | Market: 531202 | Size: 20.0 | Expected P&L: N/A
2026-03-21 18:00:50,454 | strategies | INFO | 🎯 Sniping opportunity: YES at 0.60461909535427314 (edge: 0.0846)
2026-03-21 18:00:50,455 | utils | INFO | SNIPE: YES | Price: 0.6046 | Edge: 0.0846
2026-03-21 18:00:50,455 | polymarket | INFO | DRY RUN: Would place YES order for 540816 at 0.60461909535427314 size 20.0
2026-03-21 18:00:50,455 | utils | INFO | TRADE EXECUTED: SNIPE | Market: 540816 | Size: 20.0 | Expected P&L: N/A
2026-03-21 18:00:51,092 | strategies | INFO | 🎯 Sniping opportunity: YES at 0.56472941146891879 (edge: 0.0447)
2026-03-21 18:00:51,093 | utils | INFO | SNIPE: YES | Price: 0.5647 | Edge: 0.0447
2026-03-21 18:00:51,093 | polymarket | INFO | DRY RUN: Would place YES order for 540817 at 0.56472941146891879 size 20.0
2026-03-21 18:00:51,094 | utils | INFO | TRADE EXECUTED: SNIPE | Market: 540817 | Size: 20.0 | Expected P&L: N/A
2026-03-21 18:00:51,595 | strategies | INFO | 🎯 Sniping opportunity: YES at 0.547671618182321056 (edge: 0.0277)
2026-03-21 18:00:51,595 | utils | INFO | SNIPE: YES | Price: 0.5477 | Edge: 0.0277
2026-03-21 18:00:51,595 | polymarket | INFO | DRY RUN: Would place YES order for 540818 at 0.547671618182321056 size 20.0
2026-03-21 18:00:51,595 | utils | INFO | TRADE EXECUTED: SNIPE | Market: 540818 | Size: 20.0 | Expected P&L: N/A
2026-03-21 18:00:52,230 | strategies | INFO | 🎯 Sniping opportunity: NO at 0.550801826751012798 (edge: 0.0308)
2026-03-21 18:00:52,231 | utils | INFO | SNIPE: NO | Price: 0.5508 | Edge: 0.0308
2026-03-21 18:00:52,231 | polymarket | INFO | DRY RUN: Would place NO order for 540819 at 0.550801826751012798 size 20.0
2026-03-21 18:00:52,231 | utils | INFO | TRADE EXECUTED: SNIPE | Market: 540819 | Size: 20.0 | Expected P&L: N/A
2026-03-21 18:00:54,116 | httpx | INFO | HTTP Request: POST https://api.telegram.org/bot7377493035:AAGj7givCiG02bio_4TnVxLxV31fuOUHzqc/getUpdates "HTTP/1.1 200 OK"
2026-03-21 18:00:55,869 | strategies | INFO | 🎯 Sniping opportunity: YES at 0.55361182332119936 (edge: 0.0336)
2026-03-21 18:00:55,869 | utils | INFO | SNIPE: YES | Price: 0.5536 | Edge: 0.0336
2026-03-21 18:00:55,869 | polymarket | INFO | DRY RUN: Would place YES order for 531202 at 0.55361182332119936 size 20.0
2026-03-21 18:00:55,869 | utils | INFO | TRADE EXECUTED: SNIPE | Market: 531202 | Size: 20.0 | Expected P&L: N/A
2026-03-21 18:00:56,370 | strategies | INFO | 🎯 Sniping opportunity: NO at 0.54214452257559052 (edge: 0.0221)
2026-03-21 18:00:56,370 | utils | INFO | SNIPE: NO | Price: 0.5421 | Edge: 0.0221
2026-03-21 18:00:56,370 | polymarket | INFO | DRY RUN: Would place NO order for 540816 at 0.54214452257559052 size 20.0
2026-03-21 18:00:56,370 | utils | INFO | TRADE EXECUTED: SNIPE | Market: 540816 | Size: 20.0 | Expected P&L: N/A
2026-03-21 18:00:57,005 | strategies | INFO | 🎯 Sniping opportunity: NO at 0.57345838816127457 (edge: 0.0535)
2026-03-21 18:00:57,005 | utils | INFO | SNIPE: NO | Price: 0.5735 | Edge: 0.0535
2026-03-21 18:00:57,005 | polymarket | INFO | DRY RUN: Would place NO order for 540817 at 0.57345838816127457 size 20.0
2026-03-21 18:00:57,005 | utils | INFO | TRADE EXECUTED: SNIPE | Market: 540817 | Size: 20.0 | Expected P&L: N/A
2026-03-21 18:00:57,506 | strategies | INFO | 🎯 Sniping opportunity: YES at 0.61069252032084824 (edge: 0.0907)
2026-03-21 18:00:57,506 | utils | INFO | SNIPE: YES | Price: 0.6107 | Edge: 0.0907
2026-03-21 18:00:57,507 | polymarket | INFO | DRY RUN: Would place YES order for 540818 at 0.61069252032084824 size 20.0
2026-03-21 18:00:57,507 | utils | INFO | TRADE EXECUTED: SNIPE | Market: 540818 | Size: 20.0 | Expected P&L: N/A
2026-03-21 18:00:58,141 | strategies | INFO | 🎯 Sniping opportunity: YES at 0.5554221736820611 (edge: 0.0354)
2026-03-21 18:00:58,142 | utils | INFO | SNIPE: YES | Price: 0.5554 | Edge: 0.0354
2026-03-21 18:00:58,142 | polymarket | INFO | DRY RUN: Would place YES order for 540819 at 0.5554221736820611 size 20.0
2026-03-21 18:00:58,142 | utils | INFO | TRADE EXECUTED: SNIPE | Market: 540819 | Size: 20.0 | Expected P&L: N/A
2026-03-21 18:01:01,781 | strategies | INFO | 🎯 Sniping opportunity: NO at 0.61140355839242745 (edge: 0.0914)
2026-03-21 18:01:01,782 | utils | INFO | SNIPE: NO | Price: 0.6114 | Edge: 0.0914
2026-03-21 18:01:01,782 | polymarket | INFO | DRY RUN: Would place NO order for 531202 at 0.61140355839242745 size 20.0
2026-03-21 18:01:01,783 | utils | INFO | TRADE EXECUTED: SNIPE | Market: 531202 | Size: 20.0 | Expected P&L: N/A
2026-03-21 18:01:02,284 | __main__ | ERROR | Error processing market 540816: 'edge'
2026-03-21 18:01:02,284 | strategies | INFO | 🎯 Sniping opportunity: NO at 0.57432162987646208 (edge: 0.0543)
2026-03-21 18:01:02,284 | utils | INFO | SNIPE: NO | Price: 0.5743 | Edge: 0.0543
2026-03-21 18:01:02,285 | polymarket | INFO | DRY RUN: Would place NO order for 540817 at 0.57432162987646208 size 20.0
2026-03-21 18:01:02,285 | utils | INFO | TRADE EXECUTED: SNIPE | Market: 540817 | Size: 20.0 | Expected P&L: N/A
2026-03-21 18:01:02,921 | strategies | INFO | 🎯 Sniping opportunity: NO at 0.61672682595203337 (edge: 0.0967)
2026-03-21 18:01:02,921 | utils | INFO | SNIPE: NO | Price: 0.6167 | Edge: 0.0967
2026-03-21 18:01:02,921 | polymarket | INFO | DRY RUN: Would place NO order for 540818 at 0.61672682595203337 size 20.0
2026-03-21 18:01:02,921 | utils | INFO | TRADE EXECUTED: SNIPE | Market: 540818 | Size: 20.0 | Expected P&L: N/A
2026-03-21 18:01:03,422 | strategies | INFO | 🎯 Sniping opportunity: YES at 0.57082142479917079 (edge: 0.0508)
2026-03-21 18:01:03,423 | utils | INFO | SNIPE: YES | Price: 0.5708 | Edge: 0.0508
2026-03-21 18:01:03,423 | polymarket | INFO | DRY RUN: Would place YES order for 540819 at 0.57082142479917079 size 20.0
2026-03-21 18:01:03,424 | utils | INFO | TRADE EXECUTED: SNIPE | Market: 540819 | Size: 20.0 | Expected P&L: N/A
2026-03-21 18:01:04,292 | httpx | INFO | HTTP Request: POST https://api.telegram.org/bot7377493035:AAGj7givCiG02bio_4TnVxLxV31fuOUHzqc/getUpdates "HTTP/1.1 200 OK"
2026-03-21 18:01:07,061 | strategies | INFO | 🎯 Sniping opportunity: NO at 0.58402584656448236 (edge: 0.0640)
2026-03-21 18:01:07,061 | utils | INFO | SNIPE: NO | Price: 0.5840 | Edge: 0.0640
2026-03-21 18:01:07,063 | polymarket | INFO | DRY RUN: Would place NO order for 540816 at 0.58402584656448236 size 20.0
2026-03-21 18:01:07,064 | utils | INFO | TRADE EXECUTED: SNIPE | Market: 540816 | Size: 20.0 | Expected P&L: N/A
2026-03-21 18:01:07,565 | strategies | INFO | 🎯 Sniping opportunity: YES at 0.59770524023570136 (edge: 0.0777)
2026-03-21 18:01:07,565 | utils | INFO | SNIPE: YES | Price: 0.5977 | Edge: 0.0777
2026-03-21 18:01:07,566 | polymarket | INFO | DRY RUN: Would place YES order for 540817 at 0.59770524023570136 size 20.0
2026-03-21 18:01:07,566 | utils | INFO | TRADE EXECUTED: SNIPE | Market: 540817 | Size: 20.0 | Expected P&L: N/A
2026-03-21 18:01:08,200 | strategies | INFO | 🎯 Sniping opportunity: YES at 0.58447211536796171 (edge: 0.0645)
2026-03-21 18:01:08,200 | utils | INFO | SNIPE: YES | Price: 0.5845 | Edge: 0.0645
2026-03-21 18:01:08,200 | polymarket | INFO | DRY RUN: Would place YES order for 540818 at 0.58447211536796171 size 20.0
2026-03-21 18:01:08,200 | utils | INFO | TRADE EXECUTED: SNIPE | Market: 540818 | Size: 20.0 | Expected P&L: N/A
2026-03-21 18:01:08,701 | strategies | INFO | 🎯 Sniping opportunity: YES at 0.542458111096404984 (edge: 0.0225)
2026-03-21 18:01:08,701 | utils | INFO | SNIPE: YES | Price: 0.5425 | Edge: 0.0225
2026-03-21 18:01:08,702 | polymarket | INFO | DRY RUN: Would place YES order for 540819 at 0.542458111096404984 size 20.0
2026-03-21 18:01:08,702 | utils | INFO | TRADE EXECUTED: SNIPE | Market: 540819 | Size: 20.0 | Expected P&L: N/A
2026-03-21 18:01:12,340 | strategies | INFO | 🎯 Sniping opportunity: YES at 0.5978050713426755 (edge: 0.0778)
2026-03-21 18:01:12,340 | utils | INFO | SNIPE: YES | Price: 0.5978 | Edge: 0.0778
2026-03-21 18:01:12,341 | polymarket | INFO | DRY RUN: Would place YES order for 531202 at 0.5978050713426755 size 20.0
2026-03-21 18:01:12,341 | utils | INFO | TRADE EXECUTED: SNIPE | Market: 531202 | Size: 20.0 | Expected P&L: N/A
2026-03-21 18:01:12,842 | strategies | INFO | 🎯 Sniping opportunity: NO at 0.59006159347425522 (edge: 0.0701)
2026-03-21 18:01:12,842 | utils | INFO | SNIPE: NO | Price: 0.5901 | Edge: 0.0701
2026-03-21 18:01:12,842 | polymarket | INFO | DRY RUN: Would place NO order for 540818 at 0.59006159347425522 size 20.0
2026-03-21 18:01:12,842 | utils | INFO | TRADE EXECUTED: SNIPE | Market: 540818 | Size: 20.0 | Expected P&L: N/A
2026-03-21 18:01:13,477 | strategies | INFO | 🎯 Sniping opportunity: NO at 0.56622740759379025 (edge: 0.0462)
2026-03-21 18:01:13,478 | utils | INFO | SNIPE: NO | Price: 0.5662 | Edge: 0.0462
2026-03-21 18:01:13,478 | polymarket | INFO | DRY RUN: Would place NO order for 540819 at 0.56622740759379025 size 20.0
2026-03-21 18:01:13,478 | utils | INFO | TRADE EXECUTED: SNIPE | Market: 540819 | Size: 20.0 | Expected P&L: N/A
2026-03-21 18:01:14,465 | httpx | INFO | HTTP Request: POST https://api.telegram.org/bot7377493035:AAGj7givCiG02bio_4TnVxLxV31fuOUHzqc/getUpdates "HTTP/1.1 200 OK"
2026-03-21 18:01:17,117 | strategies | INFO | 🎯 Sniping opportunity: YES at 0.59181568118717371 (edge: 0.0718)
2026-03-21 18:01:17,117 | utils | INFO | SNIPE: YES | Price: 0.5918 | Edge: 0.0718
2026-03-21 18:01:17,117 | polymarket | INFO | DRY RUN: Would place YES order for 531202 at 0.59181568118717371 size 20.0
2026-03-21 18:01:17,117 | utils | INFO | TRADE EXECUTED: SNIPE | Market: 531202 | Size: 20.0 | Expected P&L: N/A
2026-03-21 18:01:17,618 | strategies | INFO | 🎯 Sniping opportunity: NO at 0.60852665210541344 (edge: 0.0885)
2026-03-21 18:01:17,618 | utils | INFO | SNIPE: NO | Price: 0.6085 | Edge: 0.0885
2026-03-21 18:01:17,618 | polymarket | INFO | DRY RUN: Would place NO order for 540816 at 0.60852665210541344 size 20.0
2026-03-21 18:01:17,618 | utils | INFO | TRADE EXECUTED: SNIPE | Market: 540816 | Size: 20.0 | Expected P&L: N/A
2026-03-21 18:01:18,253 | strategies | INFO | 🎯 Sniping opportunity: YES at 0.59815447749816973 (edge: 0.0782)
2026-03-21 18:01:18,253 | utils | INFO | SNIPE: YES | Price: 0.5982 | Edge: 0.0782
2026-03-21 18:01:18,253 | polymarket | INFO | DRY RUN: Would place YES order for 540817 at 0.59815447749816973 size 20.0
2026-03-21 18:01:18,254 | utils | INFO | TRADE EXECUTED: SNIPE | Market: 540817 | Size: 20.0 | Expected P&L: N/A
2026-03-21 18:01:18,755 | strategies | INFO | 🎯 Sniping opportunity: YES at 0.54823678614864772 (edge: 0.0282)
2026-03-21 18:01:18,755 | utils | INFO | SNIPE: YES | Price: 0.5482 | Edge: 0.0282
2026-03-21 18:01:18,755 | polymarket | INFO | DRY RUN: Would place YES order for 540818 at 0.54823678614864772 size 20.0
2026-03-21 18:01:18,755 | utils | INFO | TRADE EXECUTED: SNIPE | Market: 540818 | Size: 20.0 | Expected P&L: N/A
2026-03-21 18:01:19,392 | strategies | INFO | 🎯 Sniping opportunity: NO at 0.58979435719915512 (edge: 0.0698)
2026-03-21 18:01:19,394 | utils | INFO | SNIPE: NO | Price: 0.5898 | Edge: 0.0698
2026-03-21 18:01:19,395 | polymarket | INFO | DRY RUN: Would place NO order for 540819 at 0.58979435719915512 size 20.0
2026-03-21 18:01:19,396 | utils | INFO | TRADE EXECUTED: SNIPE | Market: 540819 | Size: 20.0 | Expected P&L: N/A
2026-03-21 18:01:23,031 | strategies | INFO | 🎯 Sniping opportunity: YES at 0.59509651810924095 (edge: 0.0751)
2026-03-21 18:01:23,031 | utils | INFO | SNIPE: YES | Price: 0.5951 | Edge: 0.0751
2026-03-21 18:01:23,032 | polymarket | INFO | DRY RUN: Would place YES order for 531202 at 0.59509651810924095 size 20.0
2026-03-21 18:01:23,032 | utils | INFO | TRADE EXECUTED: SNIPE | Market: 531202 | Size: 20.0 | Expected P&L: N/A
2026-03-21 18:01:23,533 | strategies | INFO | 🎯 Sniping opportunity: NO at 0.56021410684632039 (edge: 0.0402)
2026-03-21 18:01:23,533 | utils | INFO | SNIPE: NO | Price: 0.5602 | Edge: 0.0402
2026-03-21 18:01:23,533 | polymarket | INFO | DRY RUN: Would place NO order for 540817 at 0.56021410684632039 size 20.0
2026-03-21 18:01:23,534 | utils | INFO | TRADE EXECUTED: SNIPE | Market: 540817 | Size: 20.0 | Expected P&L: N/A
2026-03-21 18:01:24,169 | strategies | INFO | 🎯 Sniping opportunity: NO at 0.56966823792669642 (edge: 0.0497)
2026-03-21 18:01:24,170 | utils | INFO | SNIPE: NO | Price: 0.5697 | Edge: 0.0497
2026-03-21 18:01:24,170 | polymarket | INFO | DRY RUN: Would place NO order for 540818 at 0.56966823792669642 size 20.0
2026-03-21 18:01:24,170 | utils | INFO | TRADE EXECUTED: SNIPE | Market: 540818 | Size: 20.0 | Expected P&L: N/A
2026-03-21 18:01:24,637 | httpx | INFO | HTTP Request: POST https://api.telegram.org/bot7377493035:AAGj7givCiG02bio_4TnVxLxV31fuOUHzqc/getUpdates "HTTP/1.1 200 OK"
2026-03-21 18:01:24,671 | strategies | INFO | 🎯 Sniping opportunity: YES at 0.61834890124823356 (edge: 0.0983)
2026-03-21 18:01:24,671 | utils | INFO | SNIPE: YES | Price: 0.6183 | Edge: 0.0983
2026-03-21 18:01:24,671 | polymarket | INFO | DRY RUN: Would place YES order for 540819 at 0.61834890124823356 size 20.0
2026-03-21 18:01:24,671 | utils | INFO | TRADE EXECUTED: SNIPE | Market: 540819 | Size: 20.0 | Expected P&L: N/A
2026-03-21 18:01:28,309 | strategies | INFO | 🎯 Sniping opportunity: YES at 0.564650601270644324 (edge: 0.0447)
2026-03-21 18:01:28,309 | utils | INFO | SNIPE: YES | Price: 0.5647 | Edge: 0.0447
2026-03-21 18:01:28,309 | polymarket | INFO | DRY RUN: Would place YES order for 531202 at 0.564650601270644324 size 20.0
2026-03-21 18:01:28,309 | utils | INFO | TRADE EXECUTED: SNIPE | Market: 531202 | Size: 20.0 | Expected P&L: N/A
2026-03-21 18:01:28,811 | strategies | INFO | 🎯 Sniping opportunity: YES at 0.61561316319117771 (edge: 0.0956)
2026-03-21 18:01:28,811 | utils | INFO | SNIPE: YES | Price: 0.6156 | Edge: 0.0956
2026-03-21 18:01:28,811 | polymarket | INFO | DRY RUN: Would place YES order for 540816 at 0.61561316319117771 size 20.0
2026-03-21 18:01:28,812 | utils | INFO | TRADE EXECUTED: SNIPE | Market: 540816 | Size: 20.0 | Expected P&L: N/A
2026-03-21 18:01:29,449 | strategies | INFO | 🎯 Sniping opportunity: NO at 0.59945919440356713 (edge: 0.0795)
2026-03-21 18:01:29,449 | utils | INFO | SNIPE: NO | Price: 0.5995 | Edge: 0.0795
2026-03-21 18:01:29,449 | polymarket | INFO | DRY RUN: Would place NO order for 540817 at 0.59945919440356713 size 20.0
2026-03-21 18:01:29,449 | utils | INFO | TRADE EXECUTED: SNIPE | Market: 540817 | Size: 20.0 | Expected P&L: N/A
2026-03-21 18:01:29,950 | strategies | INFO | 🎯 Sniping opportunity: NO at 0.58055129521234828 (edge: 0.0606)
2026-03-21 18:01:29,951 | utils | INFO | SNIPE: NO | Price: 0.5806 | Edge: 0.0606
2026-03-21 18:01:29,951 | polymarket | INFO | DRY RUN: Would place NO order for 540818 at 0.58055129521234828 size 20.0
2026-03-21 18:01:29,951 | utils | INFO | TRADE EXECUTED: SNIPE | Market: 540818 | Size: 20.0 | Expected P&L: N/A
2026-03-21 18:01:30,587 | strategies | INFO | 🎯 Sniping opportunity: YES at 0.576072130657791236 (edge: 0.0561)
2026-03-21 18:01:30,589 | utils | INFO | SNIPE: YES | Price: 0.5761 | Edge: 0.0561
2026-03-21 18:01:30,592 | polymarket | INFO | DRY RUN: Would place YES order for 540819 at 0.576072130657791236 size 20.0
2026-03-21 18:01:30,592 | utils | INFO | TRADE EXECUTED: SNIPE | Market: 540819 | Size: 20.0 | Expected P&L: N/A
2026-03-21 18:01:34,229 | strategies | INFO | 🎯 Sniping opportunity: NO at 0.566544815938361773 (edge: 0.0465)
2026-03-21 18:01:34,229 | utils | INFO | SNIPE: NO | Price: 0.5665 | Edge: 0.0465
2026-03-21 18:01:34,229 | polymarket | INFO | DRY RUN: Would place NO order for 531202 at 0.566544815938361773 size 20.0
2026-03-21 18:01:34,230 | utils | INFO | TRADE EXECUTED: SNIPE | Market: 531202 | Size: 20.0 | Expected P&L: N/A
2026-03-21 18:01:34,731 | strategies | INFO | 🎯 Sniping opportunity: YES at 0.5654871771600249 (edge: 0.0455)
2026-03-21 18:01:34,731 | utils | INFO | SNIPE: YES | Price: 0.5655 | Edge: 0.0455
2026-03-21 18:01:34,731 | polymarket | INFO | DRY RUN: Would place YES order for 540818 at 0.5654871771600249 size 20.0
2026-03-21 18:01:34,731 | utils | INFO | TRADE EXECUTED: SNIPE | Market: 540818 | Size: 20.0 | Expected P&L: N/A
2026-03-21 18:01:34,811 | httpx | INFO | HTTP Request: POST https://api.telegram.org/bot7377493035:AAGj7givCiG02bio_4TnVxLxV31fuOUHzqc/getUpdates "HTTP/1.1 200 OK"
2026-03-21 18:01:38,507 | strategies | INFO | 🎯 Sniping opportunity: NO at 0.61613955144129818 (edge: 0.0961)
2026-03-21 18:01:38,507 | utils | INFO | SNIPE: NO | Price: 0.6161 | Edge: 0.0961
2026-03-21 18:01:38,507 | polymarket | INFO | DRY RUN: Would place NO order for 531202 at 0.61613955144129818 size 20.0
2026-03-21 18:01:38,507 | utils | INFO | TRADE EXECUTED: SNIPE | Market: 531202 | Size: 20.0 | Expected P&L: N/A
2026-03-21 18:01:39,008 | strategies | INFO | 🎯 Sniping opportunity: YES at 0.55317484222644221 (edge: 0.0332)
2026-03-21 18:01:39,011 | utils | INFO | SNIPE: YES | Price: 0.5532 | Edge: 0.0332
2026-03-21 18:01:39,012 | polymarket | INFO | DRY RUN: Would place YES order for 540816 at 0.55317484222644221 size 20.0
2026-03-21 18:01:39,014 | utils | INFO | TRADE EXECUTED: SNIPE | Market: 540816 | Size: 20.0 | Expected P&L: N/A
2026-03-21 18:01:39,650 | strategies | INFO | 🎯 Sniping opportunity: NO at 0.55280615458934866 (edge: 0.0328)
2026-03-21 18:01:39,654 | utils | INFO | SNIPE: NO | Price: 0.5528 | Edge: 0.0328
2026-03-21 18:01:39,659 | polymarket | INFO | DRY RUN: Would place NO order for 540817 at 0.55280615458934866 size 20.0
2026-03-21 18:01:39,659 | utils | INFO | TRADE EXECUTED: SNIPE | Market: 540817 | Size: 20.0 | Expected P&L: N/A
2026-03-21 18:01:40,164 | strategies | INFO | 🎯 Sniping opportunity: NO at 0.5834354139844803 (edge: 0.0634)
2026-03-21 18:01:40,169 | utils | INFO | SNIPE: NO | Price: 0.5834 | Edge: 0.0634
2026-03-21 18:01:40,172 | polymarket | INFO | DRY RUN: Would place NO order for 540818 at 0.5834354139844803 size 20.0
2026-03-21 18:01:40,174 | utils | INFO | TRADE EXECUTED: SNIPE | Market: 540818 | Size: 20.0 | Expected P&L: N/A
2026-03-21 18:01:40,810 | strategies | INFO | 🎯 Sniping opportunity: YES at 0.61054880294592879 (edge: 0.0905)
2026-03-21 18:01:40,811 | utils | INFO | SNIPE: YES | Price: 0.6105 | Edge: 0.0905
2026-03-21 18:01:40,811 | polymarket | INFO | DRY RUN: Would place YES order for 540819 at 0.61054880294592879 size 20.0
2026-03-21 18:01:40,811 | utils | INFO | TRADE EXECUTED: SNIPE | Market: 540819 | Size: 20.0 | Expected P&L: N/A
2026-03-21 18:01:44,451 | strategies | INFO | 🎯 Sniping opportunity: YES at 0.60116427315200772 (edge: 0.0812)
2026-03-21 18:01:44,452 | utils | INFO | SNIPE: YES | Price: 0.6012 | Edge: 0.0812
2026-03-21 18:01:44,452 | polymarket | INFO | DRY RUN: Would place YES order for 531202 at 0.60116427315200772 size 20.0
2026-03-21 18:01:44,453 | utils | INFO | TRADE EXECUTED: SNIPE | Market: 531202 | Size: 20.0 | Expected P&L: N/A
2026-03-21 18:01:44,954 | strategies | INFO | 🎯 Sniping opportunity: YES at 0.54861764693507468 (edge: 0.0286)
2026-03-21 18:01:44,955 | utils | INFO | SNIPE: YES | Price: 0.5486 | Edge: 0.0286
2026-03-21 18:01:44,956 | polymarket | INFO | DRY RUN: Would place YES order for 540816 at 0.54861764693507468 size 20.0
2026-03-21 18:01:44,956 | utils | INFO | TRADE EXECUTED: SNIPE | Market: 540816 | Size: 20.0 | Expected P&L: N/A
2026-03-21 18:01:44,988 | httpx | INFO | HTTP Request: POST https://api.telegram.org/bot7377493035:AAGj7givCiG02bio_4TnVxLxV31fuOUHzqc/getUpdates "HTTP/1.1 200 OK"
2026-03-21 18:01:45,591 | strategies | INFO | 🎯 Sniping opportunity: YES at 0.61985801992770074 (edge: 0.0999)
2026-03-21 18:01:45,592 | utils | INFO | SNIPE: YES | Price: 0.6199 | Edge: 0.0999
2026-03-21 18:01:45,592 | polymarket | INFO | DRY RUN: Would place YES order for 540818 at 0.61985801992770074 size 20.0
2026-03-21 18:01:45,592 | utils | INFO | TRADE EXECUTED: SNIPE | Market: 540818 | Size: 20.0 | Expected P&L: N/A
2026-03-21 18:01:46,093 | strategies | INFO | 🎯 Sniping opportunity: NO at 0.5922791334680897 (edge: 0.0723)
2026-03-21 18:01:46,094 | utils | INFO | SNIPE: NO | Price: 0.5923 | Edge: 0.0723
2026-03-21 18:01:46,095 | polymarket | INFO | DRY RUN: Would place NO order for 540819 at 0.5922791334680897 size 20.0
2026-03-21 18:01:46,095 | utils | INFO | TRADE EXECUTED: SNIPE | Market: 540819 | Size: 20.0 | Expected P&L: N/A
2026-03-21 18:01:49,735 | strategies | INFO | 🎯 Sniping opportunity: YES at 0.59058158442026086 (edge: 0.0706)
2026-03-21 18:01:49,735 | utils | INFO | SNIPE: YES | Price: 0.5906 | Edge: 0.0706
2026-03-21 18:01:49,735 | polymarket | INFO | DRY RUN: Would place YES order for 531202 at 0.59058158442026086 size 20.0
2026-03-21 18:01:49,736 | utils | INFO | TRADE EXECUTED: SNIPE | Market: 531202 | Size: 20.0 | Expected P&L: N/A
2026-03-21 18:01:50,237 | strategies | INFO | 🎯 Sniping opportunity: NO at 0.60818174485287887 (edge: 0.0882)
2026-03-21 18:01:50,237 | utils | INFO | SNIPE: NO | Price: 0.6082 | Edge: 0.0882
2026-03-21 18:01:50,239 | polymarket | INFO | DRY RUN: Would place NO order for 540816 at 0.60818174485287887 size 20.0
2026-03-21 18:01:50,239 | utils | INFO | TRADE EXECUTED: SNIPE | Market: 540816 | Size: 20.0 | Expected P&L: N/A
2026-03-21 18:01:50,875 | strategies | INFO | 🎯 Sniping opportunity: NO at 0.571474734609188236 (edge: 0.0515)
2026-03-21 18:01:50,875 | utils | INFO | SNIPE: NO | Price: 0.5715 | Edge: 0.0515
2026-03-21 18:01:50,875 | polymarket | INFO | DRY RUN: Would place NO order for 540817 at 0.571474734609188236 size 20.0
2026-03-21 18:01:50,875 | utils | INFO | TRADE EXECUTED: SNIPE | Market: 540817 | Size: 20.0 | Expected P&L: N/A
2026-03-21 18:01:51,376 | strategies | INFO | 🎯 Sniping opportunity: NO at 0.58843676681400208 (edge: 0.0684)
2026-03-21 18:01:51,376 | utils | INFO | SNIPE: NO | Price: 0.5884 | Edge: 0.0684
2026-03-21 18:01:51,377 | polymarket | INFO | DRY RUN: Would place NO order for 540818 at 0.58843676681400208 size 20.0
2026-03-21 18:01:51,377 | utils | INFO | TRADE EXECUTED: SNIPE | Market: 540818 | Size: 20.0 | Expected P&L: N/A
2026-03-21 18:01:52,013 | strategies | INFO | 🎯 Sniping opportunity: YES at 0.569421030189913895 (edge: 0.0494)
2026-03-21 18:01:52,013 | utils | INFO | SNIPE: YES | Price: 0.5694 | Edge: 0.0494
2026-03-21 18:01:52,013 | polymarket | INFO | DRY RUN: Would place YES order for 540819 at 0.569421030189913895 size 20.0
2026-03-21 18:01:52,013 | utils | INFO | TRADE EXECUTED: SNIPE | Market: 540819 | Size: 20.0 | Expected P&L: N/A
2026-03-21 18:01:55,162 | httpx | INFO | HTTP Request: POST https://api.telegram.org/bot7377493035:AAGj7givCiG02bio_4TnVxLxV31fuOUHzqc/getUpdates "HTTP/1.1 200 OK"
2026-03-21 18:01:55,650 | strategies | INFO | 🎯 Sniping opportunity: YES at 0.575706553220790184 (edge: 0.0557)
2026-03-21 18:01:55,650 | utils | INFO | SNIPE: YES | Price: 0.5757 | Edge: 0.0557
2026-03-21 18:01:55,651 | polymarket | INFO | DRY RUN: Would place YES order for 531202 at 0.575706553220790184 size 20.0
2026-03-21 18:01:55,651 | utils | INFO | TRADE EXECUTED: SNIPE | Market: 531202 | Size: 20.0 | Expected P&L: N/A
2026-03-21 18:01:56,152 | strategies | INFO | 🎯 Sniping opportunity: NO at 0.54384118552150749 (edge: 0.0238)
2026-03-21 18:01:56,152 | utils | INFO | SNIPE: NO | Price: 0.5438 | Edge: 0.0238
2026-03-21 18:01:56,152 | polymarket | INFO | DRY RUN: Would place NO order for 540816 at 0.54384118552150749 size 20.0
2026-03-21 18:01:56,152 | utils | INFO | TRADE EXECUTED: SNIPE | Market: 540816 | Size: 20.0 | Expected P&L: N/A
2026-03-21 18:01:56,789 | strategies | INFO | 🎯 Sniping opportunity: YES at 0.59738796881657048 (edge: 0.0774)
2026-03-21 18:01:56,790 | utils | INFO | SNIPE: YES | Price: 0.5974 | Edge: 0.0774
2026-03-21 18:01:56,790 | polymarket | INFO | DRY RUN: Would place YES order for 540817 at 0.59738796881657048 size 20.0
2026-03-21 18:01:56,790 | utils | INFO | TRADE EXECUTED: SNIPE | Market: 540817 | Size: 20.0 | Expected P&L: N/A
2026-03-21 18:01:57,291 | strategies | INFO | 🎯 Sniping opportunity: NO at 0.5853528039848432 (edge: 0.0654)
2026-03-21 18:01:57,291 | utils | INFO | SNIPE: NO | Price: 0.5854 | Edge: 0.0654
2026-03-21 18:01:57,291 | polymarket | INFO | DRY RUN: Would place NO order for 540818 at 0.5853528039848432 size 20.0
2026-03-21 18:01:57,291 | utils | INFO | TRADE EXECUTED: SNIPE | Market: 540818 | Size: 20.0 | Expected P&L: N/A
2026-03-21 18:01:57,926 | strategies | INFO | 🎯 Sniping opportunity: YES at 0.60371556987470427 (edge: 0.0837)
2026-03-21 18:01:57,926 | utils | INFO | SNIPE: YES | Price: 0.6037 | Edge: 0.0837
2026-03-21 18:01:57,926 | polymarket | INFO | DRY RUN: Would place YES order for 540819 at 0.60371556987470427 size 20.0
2026-03-21 18:01:57,926 | utils | INFO | TRADE EXECUTED: SNIPE | Market: 540819 | Size: 20.0 | Expected P&L: N/A
2026-03-21 18:02:01,565 | strategies | INFO | 🎯 Sniping opportunity: YES at 0.58841469178265455 (edge: 0.0684)
2026-03-21 18:02:01,566 | utils | INFO | SNIPE: YES | Price: 0.5884 | Edge: 0.0684
2026-03-21 18:02:01,566 | polymarket | INFO | DRY RUN: Would place YES order for 531202 at 0.58841469178265455 size 20.0
2026-03-21 18:02:01,566 | utils | INFO | TRADE EXECUTED: SNIPE | Market: 531202 | Size: 20.0 | Expected P&L: N/A
2026-03-21 18:02:02,067 | strategies | INFO | 🎯 Sniping opportunity: NO at 0.60372102111499471 (edge: 0.0837)
2026-03-21 18:02:02,067 | utils | INFO | SNIPE: NO | Price: 0.6037 | Edge: 0.0837
2026-03-21 18:02:02,067 | polymarket | INFO | DRY RUN: Would place NO order for 540816 at 0.60372102111499471 size 20.0
2026-03-21 18:02:02,067 | utils | INFO | TRADE EXECUTED: SNIPE | Market: 540816 | Size: 20.0 | Expected P&L: N/A
2026-03-21 18:02:02,702 | strategies | INFO | 🎯 Sniping opportunity: YES at 0.542608451224287368 (edge: 0.0226)
2026-03-21 18:02:02,703 | utils | INFO | SNIPE: YES | Price: 0.5426 | Edge: 0.0226
2026-03-21 18:02:02,703 | polymarket | INFO | DRY RUN: Would place YES order for 540817 at 0.542608451224287368 size 20.0
2026-03-21 18:02:02,703 | utils | INFO | TRADE EXECUTED: SNIPE | Market: 540817 | Size: 20.0 | Expected P&L: N/A
2026-03-21 18:02:03,204 | strategies | INFO | 🎯 Sniping opportunity: NO at 0.6089049997295413 (edge: 0.0889)
2026-03-21 18:02:03,204 | utils | INFO | SNIPE: NO | Price: 0.6089 | Edge: 0.0889
2026-03-21 18:02:03,204 | polymarket | INFO | DRY RUN: Would place NO order for 540818 at 0.6089049997295413 size 20.0
2026-03-21 18:02:03,205 | utils | INFO | TRADE EXECUTED: SNIPE | Market: 540818 | Size: 20.0 | Expected P&L: N/A
2026-03-21 18:02:03,839 | strategies | INFO | 🎯 Sniping opportunity: NO at 0.56418531737775986 (edge: 0.0442)
2026-03-21 18:02:03,840 | utils | INFO | SNIPE: NO | Price: 0.5642 | Edge: 0.0442
2026-03-21 18:02:03,840 | polymarket | INFO | DRY RUN: Would place NO order for 540819 at 0.56418531737775986 size 20.0
2026-03-21 18:02:03,840 | utils | INFO | TRADE EXECUTED: SNIPE | Market: 540819 | Size: 20.0 | Expected P&L: N/A
2026-03-21 18:02:05,344 | httpx | INFO | HTTP Request: POST https://api.telegram.org/bot7377493035:AAGj7givCiG02bio_4TnVxLxV31fuOUHzqc/getUpdates "HTTP/1.1 200 OK"
2026-03-21 18:02:07,478 | strategies | INFO | 🎯 Sniping opportunity: YES at 0.55424061103574991 (edge: 0.0342)
2026-03-21 18:02:07,478 | utils | INFO | SNIPE: YES | Price: 0.5542 | Edge: 0.0342
2026-03-21 18:02:07,479 | polymarket | INFO | DRY RUN: Would place YES order for 531202 at 0.55424061103574991 size 20.0
2026-03-21 18:02:07,479 | utils | INFO | TRADE EXECUTED: SNIPE | Market: 531202 | Size: 20.0 | Expected P&L: N/A
2026-03-21 18:02:07,980 | strategies | INFO | 🎯 Sniping opportunity: YES at 0.59834417404091057 (edge: 0.0783)
2026-03-21 18:02:07,980 | utils | INFO | SNIPE: YES | Price: 0.5983 | Edge: 0.0783
2026-03-21 18:02:07,980 | polymarket | INFO | DRY RUN: Would place YES order for 540816 at 0.59834417404091057 size 20.0
2026-03-21 18:02:07,980 | utils | INFO | TRADE EXECUTED: SNIPE | Market: 540816 | Size: 20.0 | Expected P&L: N/A
2026-03-21 18:02:08,615 | strategies | INFO | 🎯 Sniping opportunity: YES at 0.57440368628769354 (edge: 0.0544)
2026-03-21 18:02:08,615 | utils | INFO | SNIPE: YES | Price: 0.5744 | Edge: 0.0544
2026-03-21 18:02:08,615 | polymarket | INFO | DRY RUN: Would place YES order for 540818 at 0.57440368628769354 size 20.0
2026-03-21 18:02:08,616 | utils | INFO | TRADE EXECUTED: SNIPE | Market: 540818 | Size: 20.0 | Expected P&L: N/A
2026-03-21 18:02:09,117 | strategies | INFO | 🎯 Sniping opportunity: YES at 0.56047284581299007 (edge: 0.0405)
2026-03-21 18:02:09,117 | utils | INFO | SNIPE: YES | Price: 0.5605 | Edge: 0.0405
2026-03-21 18:02:09,117 | polymarket | INFO | DRY RUN: Would place YES order for 540819 at 0.56047284581299007 size 20.0
2026-03-21 18:02:09,117 | utils | INFO | TRADE EXECUTED: SNIPE | Market: 540819 | Size: 20.0 | Expected P&L: N/A
2026-03-21 18:02:12,755 | strategies | INFO | 🎯 Sniping opportunity: YES at 0.579135470076960406 (edge: 0.0591)
2026-03-21 18:02:12,756 | utils | INFO | SNIPE: YES | Price: 0.5791 | Edge: 0.0591
2026-03-21 18:02:12,756 | polymarket | INFO | DRY RUN: Would place YES order for 531202 at 0.579135470076960406 size 20.0
2026-03-21 18:02:12,756 | utils | INFO | TRADE EXECUTED: SNIPE | Market: 531202 | Size: 20.0 | Expected P&L: N/A
2026-03-21 18:02:13,257 | strategies | INFO | 🎯 Sniping opportunity: NO at 0.54989649357228477 (edge: 0.0299)
2026-03-21 18:02:13,257 | utils | INFO | SNIPE: NO | Price: 0.5499 | Edge: 0.0299
2026-03-21 18:02:13,258 | polymarket | INFO | DRY RUN: Would place NO order for 540816 at 0.54989649357228477 size 20.0
2026-03-21 18:02:13,258 | utils | INFO | TRADE EXECUTED: SNIPE | Market: 540816 | Size: 20.0 | Expected P&L: N/A
2026-03-21 18:02:13,894 | strategies | INFO | 🎯 Sniping opportunity: NO at 0.562784992529214666 (edge: 0.0428)
2026-03-21 18:02:13,895 | utils | INFO | SNIPE: NO | Price: 0.5628 | Edge: 0.0428
2026-03-21 18:02:13,895 | polymarket | INFO | DRY RUN: Would place NO order for 540817 at 0.562784992529214666 size 20.0
2026-03-21 18:02:13,895 | utils | INFO | TRADE EXECUTED: SNIPE | Market: 540817 | Size: 20.0 | Expected P&L: N/A
2026-03-21 18:02:14,396 | strategies | INFO | 🎯 Sniping opportunity: YES at 0.61655308345056166 (edge: 0.0966)
2026-03-21 18:02:14,396 | utils | INFO | SNIPE: YES | Price: 0.6166 | Edge: 0.0966
2026-03-21 18:02:14,396 | polymarket | INFO | DRY RUN: Would place YES order for 540818 at 0.61655308345056166 size 20.0
2026-03-21 18:02:14,396 | utils | INFO | TRADE EXECUTED: SNIPE | Market: 540818 | Size: 20.0 | Expected P&L: N/A
2026-03-21 18:02:15,032 | __main__ | ERROR | Error processing market 540819: 'edge'
2026-03-21 18:02:15,732 | httpx | INFO | HTTP Request: POST https://api.telegram.org/bot7377493035:AAGj7givCiG02bio_4TnVxLxV31fuOUHzqc/getUpdates "HTTP/1.1 200 OK"
2026-03-21 18:02:18,168 | strategies | INFO | 🎯 Sniping opportunity: YES at 0.61281604537487956 (edge: 0.0928)
2026-03-21 18:02:18,168 | utils | INFO | SNIPE: YES | Price: 0.6128 | Edge: 0.0928
2026-03-21 18:02:18,168 | polymarket | INFO | DRY RUN: Would place YES order for 531202 at 0.61281604537487956 size 20.0
2026-03-21 18:02:18,168 | utils | INFO | TRADE EXECUTED: SNIPE | Market: 531202 | Size: 20.0 | Expected P&L: N/A
2026-03-21 18:02:18,673 | strategies | INFO | 🎯 Sniping opportunity: NO at 0.544259537989819474 (edge: 0.0243)
2026-03-21 18:02:18,674 | utils | INFO | SNIPE: NO | Price: 0.5443 | Edge: 0.0243
2026-03-21 18:02:18,677 | polymarket | INFO | DRY RUN: Would place NO order for 540816 at 0.544259537989819474 size 20.0
2026-03-21 18:02:18,677 | utils | INFO | TRADE EXECUTED: SNIPE | Market: 540816 | Size: 20.0 | Expected P&L: N/A
2026-03-21 18:02:19,312 | strategies | INFO | 🎯 Sniping opportunity: NO at 0.61750921679028286 (edge: 0.0975)
2026-03-21 18:02:19,313 | utils | INFO | SNIPE: NO | Price: 0.6175 | Edge: 0.0975
2026-03-21 18:02:19,313 | polymarket | INFO | DRY RUN: Would place NO order for 540817 at 0.61750921679028286 size 20.0
2026-03-21 18:02:19,313 | utils | INFO | TRADE EXECUTED: SNIPE | Market: 540817 | Size: 20.0 | Expected P&L: N/A
2026-03-21 18:02:19,814 | strategies | INFO | 🎯 Sniping opportunity: NO at 0.60291137237053536 (edge: 0.0829)
2026-03-21 18:02:19,814 | utils | INFO | SNIPE: NO | Price: 0.6029 | Edge: 0.0829
2026-03-21 18:02:19,814 | polymarket | INFO | DRY RUN: Would place NO order for 540818 at 0.60291137237053536 size 20.0
2026-03-21 18:02:19,814 | utils | INFO | TRADE EXECUTED: SNIPE | Market: 540818 | Size: 20.0 | Expected P&L: N/A
2026-03-21 18:02:20,449 | strategies | INFO | 🎯 Sniping opportunity: YES at 0.60407519797675764 (edge: 0.0841)
2026-03-21 18:02:20,449 | utils | INFO | SNIPE: YES | Price: 0.6041 | Edge: 0.0841
2026-03-21 18:02:20,449 | polymarket | INFO | DRY RUN: Would place YES order for 540819 at 0.60407519797675764 size 20.0
2026-03-21 18:02:20,449 | utils | INFO | TRADE EXECUTED: SNIPE | Market: 540819 | Size: 20.0 | Expected P&L: N/A
2026-03-21 18:02:24,088 | strategies | INFO | 🎯 Sniping opportunity: YES at 0.550774620694962534 (edge: 0.0308)
2026-03-21 18:02:24,089 | utils | INFO | SNIPE: YES | Price: 0.5508 | Edge: 0.0308
2026-03-21 18:02:24,089 | polymarket | INFO | DRY RUN: Would place YES order for 531202 at 0.550774620694962534 size 20.0
2026-03-21 18:02:24,089 | utils | INFO | TRADE EXECUTED: SNIPE | Market: 531202 | Size: 20.0 | Expected P&L: N/A
2026-03-21 18:02:24,590 | strategies | INFO | 🎯 Sniping opportunity: NO at 0.56411898389824667 (edge: 0.0441)
2026-03-21 18:02:24,590 | utils | INFO | SNIPE: NO | Price: 0.5641 | Edge: 0.0441
2026-03-21 18:02:24,591 | polymarket | INFO | DRY RUN: Would place NO order for 540817 at 0.56411898389824667 size 20.0
2026-03-21 18:02:24,591 | utils | INFO | TRADE EXECUTED: SNIPE | Market: 540817 | Size: 20.0 | Expected P&L: N/A
2026-03-21 18:02:25,228 | strategies | INFO | 🎯 Sniping opportunity: NO at 0.6057900085645465 (edge: 0.0858)
2026-03-21 18:02:25,229 | utils | INFO | SNIPE: NO | Price: 0.6058 | Edge: 0.0858
2026-03-21 18:02:25,231 | polymarket | INFO | DRY RUN: Would place NO order for 540818 at 0.6057900085645465 size 20.0
2026-03-21 18:02:25,231 | utils | INFO | TRADE EXECUTED: SNIPE | Market: 540818 | Size: 20.0 | Expected P&L: N/A
2026-03-21 18:02:25,733 | strategies | INFO | 🎯 Sniping opportunity: NO at 0.6185029025960299 (edge: 0.0985)
2026-03-21 18:02:25,733 | utils | INFO | SNIPE: NO | Price: 0.6185 | Edge: 0.0985
2026-03-21 18:02:25,733 | polymarket | INFO | DRY RUN: Would place NO order for 540819 at 0.6185029025960299 size 20.0
2026-03-21 18:02:25,733 | utils | INFO | TRADE EXECUTED: SNIPE | Market: 540819 | Size: 20.0 | Expected P&L: N/A
2026-03-21 18:02:26,037 | httpx | INFO | HTTP Request: POST https://api.telegram.org/bot7377493035:AAGj7givCiG02bio_4TnVxLxV31fuOUHzqc/getUpdates "HTTP/1.1 200 OK"
2026-03-21 18:02:29,373 | strategies | INFO | 🎯 Sniping opportunity: YES at 0.560731525617685393 (edge: 0.0407)
2026-03-21 18:02:29,373 | utils | INFO | SNIPE: YES | Price: 0.5607 | Edge: 0.0407
2026-03-21 18:02:29,374 | polymarket | INFO | DRY RUN: Would place YES order for 531202 at 0.560731525617685393 size 20.0
2026-03-21 18:02:29,374 | utils | INFO | TRADE EXECUTED: SNIPE | Market: 531202 | Size: 20.0 | Expected P&L: N/A
2026-03-21 18:02:29,875 | strategies | INFO | 🎯 Sniping opportunity: YES at 0.57556745566031407 (edge: 0.0556)
2026-03-21 18:02:29,875 | utils | INFO | SNIPE: YES | Price: 0.5756 | Edge: 0.0556
2026-03-21 18:02:29,875 | polymarket | INFO | DRY RUN: Would place YES order for 540816 at 0.57556745566031407 size 20.0
2026-03-21 18:02:29,875 | utils | INFO | TRADE EXECUTED: SNIPE | Market: 540816 | Size: 20.0 | Expected P&L: N/A
2026-03-21 18:02:30,511 | strategies | INFO | 🎯 Sniping opportunity: YES at 0.54411474201711239 (edge: 0.0241)
2026-03-21 18:02:30,511 | utils | INFO | SNIPE: YES | Price: 0.5441 | Edge: 0.0241
2026-03-21 18:02:30,511 | polymarket | INFO | DRY RUN: Would place YES order for 540817 at 0.54411474201711239 size 20.0
2026-03-21 18:02:30,511 | utils | INFO | TRADE EXECUTED: SNIPE | Market: 540817 | Size: 20.0 | Expected P&L: N/A
2026-03-21 18:02:31,012 | strategies | INFO | 🎯 Sniping opportunity: YES at 0.58614987424494198 (edge: 0.0661)
2026-03-21 18:02:31,012 | utils | INFO | SNIPE: YES | Price: 0.5861 | Edge: 0.0661
2026-03-21 18:02:31,013 | polymarket | INFO | DRY RUN: Would place YES order for 540818 at 0.58614987424494198 size 20.0
2026-03-21 18:02:31,013 | utils | INFO | TRADE EXECUTED: SNIPE | Market: 540818 | Size: 20.0 | Expected P&L: N/A
2026-03-21 18:02:31,647 | strategies | INFO | 🎯 Sniping opportunity: YES at 0.59247156387900369 (edge: 0.0725)
2026-03-21 18:02:31,648 | utils | INFO | SNIPE: YES | Price: 0.5925 | Edge: 0.0725
2026-03-21 18:02:31,648 | polymarket | INFO | DRY RUN: Would place YES order for 540819 at 0.59247156387900369 size 20.0
2026-03-21 18:02:31,648 | utils | INFO | TRADE EXECUTED: SNIPE | Market: 540819 | Size: 20.0 | Expected P&L: N/A
2026-03-21 18:02:35,287 | __main__ | ERROR | Error processing market 540816: 'edge'
2026-03-21 18:02:35,287 | __main__ | ERROR | Error processing market 540817: 'edge'
2026-03-21 18:02:35,289 | strategies | INFO | 🎯 Sniping opportunity: NO at 0.60848740414359962 (edge: 0.0885)
2026-03-21 18:02:35,289 | utils | INFO | SNIPE: NO | Price: 0.6085 | Edge: 0.0885
2026-03-21 18:02:35,289 | polymarket | INFO | DRY RUN: Would place NO order for 540818 at 0.60848740414359962 size 20.0
2026-03-21 18:02:35,290 | utils | INFO | TRADE EXECUTED: SNIPE | Market: 540818 | Size: 20.0 | Expected P&L: N/A
2026-03-21 18:02:35,791 | __main__ | ERROR | Error processing market 540819: 'edge'
2026-03-21 18:02:36,211 | httpx | INFO | HTTP Request: POST https://api.telegram.org/bot7377493035:AAGj7givCiG02bio_4TnVxLxV31fuOUHzqc/getUpdates "HTTP/1.1 200 OK"
2026-03-21 18:02:38,933 | strategies | INFO | 🎯 Sniping opportunity: YES at 0.58860807768888719 (edge: 0.0686)
2026-03-21 18:02:38,933 | utils | INFO | SNIPE: YES | Price: 0.5886 | Edge: 0.0686
2026-03-21 18:02:38,934 | polymarket | INFO | DRY RUN: Would place YES order for 540816 at 0.58860807768888719 size 20.0
2026-03-21 18:02:38,934 | utils | INFO | TRADE EXECUTED: SNIPE | Market: 540816 | Size: 20.0 | Expected P&L: N/A
2026-03-21 18:02:39,435 | strategies | INFO | 🎯 Sniping opportunity: YES at 0.55998564204518473 (edge: 0.0400)
2026-03-21 18:02:39,435 | utils | INFO | SNIPE: YES | Price: 0.5600 | Edge: 0.0400
2026-03-21 18:02:39,435 | polymarket | INFO | DRY RUN: Would place YES order for 540817 at 0.55998564204518473 size 20.0
2026-03-21 18:02:39,435 | utils | INFO | TRADE EXECUTED: SNIPE | Market: 540817 | Size: 20.0 | Expected P&L: N/A
2026-03-21 18:02:40,070 | strategies | INFO | 🎯 Sniping opportunity: NO at 0.59660409882425503 (edge: 0.0766)
2026-03-21 18:02:40,070 | utils | INFO | SNIPE: NO | Price: 0.5966 | Edge: 0.0766
2026-03-21 18:02:40,070 | polymarket | INFO | DRY RUN: Would place NO order for 540819 at 0.59660409882425503 size 20.0
2026-03-21 18:02:40,071 | utils | INFO | TRADE EXECUTED: SNIPE | Market: 540819 | Size: 20.0 | Expected P&L: N/A
2026-03-21 18:02:43,709 | strategies | INFO | 🎯 Sniping opportunity: NO at 0.56465255694011541 (edge: 0.0447)
2026-03-21 18:02:43,710 | utils | INFO | SNIPE: NO | Price: 0.5647 | Edge: 0.0447
2026-03-21 18:02:43,710 | polymarket | INFO | DRY RUN: Would place NO order for 531202 at 0.56465255694011541 size 20.0
2026-03-21 18:02:43,710 | utils | INFO | TRADE EXECUTED: SNIPE | Market: 531202 | Size: 20.0 | Expected P&L: N/A
2026-03-21 18:02:44,211 | strategies | INFO | 🎯 Sniping opportunity: YES at 0.580505547359166356 (edge: 0.0605)
2026-03-21 18:02:44,212 | utils | INFO | SNIPE: YES | Price: 0.5805 | Edge: 0.0605
2026-03-21 18:02:44,212 | polymarket | INFO | DRY RUN: Would place YES order for 540816 at 0.580505547359166356 size 20.0
2026-03-21 18:02:44,212 | utils | INFO | TRADE EXECUTED: SNIPE | Market: 540816 | Size: 20.0 | Expected P&L: N/A
2026-03-21 18:02:44,847 | strategies | INFO | 🎯 Sniping opportunity: NO at 0.54178767482106289 (edge: 0.0218)
2026-03-21 18:02:44,847 | utils | INFO | SNIPE: NO | Price: 0.5418 | Edge: 0.0218
2026-03-21 18:02:44,847 | polymarket | INFO | DRY RUN: Would place NO order for 540817 at 0.54178767482106289 size 20.0
2026-03-21 18:02:44,847 | utils | INFO | TRADE EXECUTED: SNIPE | Market: 540817 | Size: 20.0 | Expected P&L: N/A
2026-03-21 18:02:45,349 | __main__ | ERROR | Error processing market 540818: 'edge'
2026-03-21 18:02:45,349 | strategies | INFO | 🎯 Sniping opportunity: NO at 0.59490037972779373 (edge: 0.0749)
2026-03-21 18:02:45,349 | utils | INFO | SNIPE: NO | Price: 0.5949 | Edge: 0.0749
2026-03-21 18:02:45,349 | polymarket | INFO | DRY RUN: Would place NO order for 540819 at 0.59490037972779373 size 20.0
2026-03-21 18:02:45,349 | utils | INFO | TRADE EXECUTED: SNIPE | Market: 540819 | Size: 20.0 | Expected P&L: N/A
2026-03-21 18:02:46,387 | httpx | INFO | HTTP Request: POST https://api.telegram.org/bot7377493035:AAGj7givCiG02bio_4TnVxLxV31fuOUHzqc/getUpdates "HTTP/1.1 200 OK"
2026-03-21 18:02:48,985 | strategies | INFO | 🎯 Sniping opportunity: NO at 0.5431000402755233 (edge: 0.0231)
2026-03-21 18:02:48,987 | utils | INFO | SNIPE: NO | Price: 0.5431 | Edge: 0.0231
2026-03-21 18:02:48,987 | polymarket | INFO | DRY RUN: Would place NO order for 531202 at 0.5431000402755233 size 20.0
2026-03-21 18:02:48,988 | utils | INFO | TRADE EXECUTED: SNIPE | Market: 531202 | Size: 20.0 | Expected P&L: N/A
2026-03-21 18:02:49,490 | strategies | INFO | 🎯 Sniping opportunity: YES at 0.61718655046698468 (edge: 0.0972)
2026-03-21 18:02:49,490 | utils | INFO | SNIPE: YES | Price: 0.6172 | Edge: 0.0972
2026-03-21 18:02:49,490 | polymarket | INFO | DRY RUN: Would place YES order for 540816 at 0.61718655046698468 size 20.0
2026-03-21 18:02:49,490 | utils | INFO | TRADE EXECUTED: SNIPE | Market: 540816 | Size: 20.0 | Expected P&L: N/A
2026-03-21 18:02:50,125 | strategies | INFO | 🎯 Sniping opportunity: NO at 0.60187788990573053 (edge: 0.0819)
2026-03-21 18:02:50,126 | utils | INFO | SNIPE: NO | Price: 0.6019 | Edge: 0.0819
2026-03-21 18:02:50,126 | polymarket | INFO | DRY RUN: Would place NO order for 540817 at 0.60187788990573053 size 20.0
2026-03-21 18:02:50,126 | utils | INFO | TRADE EXECUTED: SNIPE | Market: 540817 | Size: 20.0 | Expected P&L: N/A
2026-03-21 18:02:50,627 | strategies | INFO | 🎯 Sniping opportunity: NO at 0.57340275181023604 (edge: 0.0534)
2026-03-21 18:02:50,627 | utils | INFO | SNIPE: NO | Price: 0.5734 | Edge: 0.0534
2026-03-21 18:02:50,627 | polymarket | INFO | DRY RUN: Would place NO order for 540818 at 0.57340275181023604 size 20.0
2026-03-21 18:02:50,628 | utils | INFO | TRADE EXECUTED: SNIPE | Market: 540818 | Size: 20.0 | Expected P&L: N/A
2026-03-21 18:02:51,264 | strategies | INFO | 🎯 Sniping opportunity: YES at 0.60803196173026276 (edge: 0.0880)
2026-03-21 18:02:51,264 | utils | INFO | SNIPE: YES | Price: 0.6080 | Edge: 0.0880
2026-03-21 18:02:51,264 | polymarket | INFO | DRY RUN: Would place YES order for 540819 at 0.60803196173026276 size 20.0
2026-03-21 18:02:51,265 | utils | INFO | TRADE EXECUTED: SNIPE | Market: 540819 | Size: 20.0 | Expected P&L: N/A
2026-03-21 18:02:54,908 | strategies | INFO | 🎯 Sniping opportunity: YES at 0.58248302087386684 (edge: 0.0625)
2026-03-21 18:02:54,909 | utils | INFO | SNIPE: YES | Price: 0.5825 | Edge: 0.0625
2026-03-21 18:02:54,909 | polymarket | INFO | DRY RUN: Would place YES order for 531202 at 0.58248302087386684 size 20.0
2026-03-21 18:02:54,909 | utils | INFO | TRADE EXECUTED: SNIPE | Market: 531202 | Size: 20.0 | Expected P&L: N/A
2026-03-21 18:02:55,410 | strategies | INFO | 🎯 Sniping opportunity: YES at 0.6170052805651935 (edge: 0.0970)
2026-03-21 18:02:55,410 | utils | INFO | SNIPE: YES | Price: 0.6170 | Edge: 0.0970
2026-03-21 18:02:55,410 | polymarket | INFO | DRY RUN: Would place YES order for 540816 at 0.6170052805651935 size 20.0
2026-03-21 18:02:55,411 | utils | INFO | TRADE EXECUTED: SNIPE | Market: 540816 | Size: 20.0 | Expected P&L: N/A
2026-03-21 18:02:56,046 | strategies | INFO | 🎯 Sniping opportunity: NO at 0.55224160245066497 (edge: 0.0322)
2026-03-21 18:02:56,046 | utils | INFO | SNIPE: NO | Price: 0.5522 | Edge: 0.0322
2026-03-21 18:02:56,048 | polymarket | INFO | DRY RUN: Would place NO order for 540817 at 0.55224160245066497 size 20.0
2026-03-21 18:02:56,048 | utils | INFO | TRADE EXECUTED: SNIPE | Market: 540817 | Size: 20.0 | Expected P&L: N/A
2026-03-21 18:02:56,550 | strategies | INFO | 🎯 Sniping opportunity: NO at 0.58026495347798782 (edge: 0.0603)
2026-03-21 18:02:56,550 | utils | INFO | SNIPE: NO | Price: 0.5803 | Edge: 0.0603
2026-03-21 18:02:56,550 | polymarket | INFO | DRY RUN: Would place NO order for 540818 at 0.58026495347798782 size 20.0
2026-03-21 18:02:56,550 | utils | INFO | TRADE EXECUTED: SNIPE | Market: 540818 | Size: 20.0 | Expected P&L: N/A
2026-03-21 18:02:56,565 | httpx | INFO | HTTP Request: POST https://api.telegram.org/bot7377493035:AAGj7givCiG02bio_4TnVxLxV31fuOUHzqc/getUpdates "HTTP/1.1 200 OK"
2026-03-21 18:02:57,184 | strategies | INFO | 🎯 Sniping opportunity: YES at 0.581826510588397804 (edge: 0.0618)
2026-03-21 18:02:57,185 | utils | INFO | SNIPE: YES | Price: 0.5818 | Edge: 0.0618
2026-03-21 18:02:57,185 | polymarket | INFO | DRY RUN: Would place YES order for 540819 at 0.581826510588397804 size 20.0
2026-03-21 18:02:57,185 | utils | INFO | TRADE EXECUTED: SNIPE | Market: 540819 | Size: 20.0 | Expected P&L: N/A
2026-03-21 18:03:00,823 | strategies | INFO | 🎯 Sniping opportunity: YES at 0.59033757661813575 (edge: 0.0703)
2026-03-21 18:03:00,824 | utils | INFO | SNIPE: YES | Price: 0.5903 | Edge: 0.0703
2026-03-21 18:03:00,824 | polymarket | INFO | DRY RUN: Would place YES order for 531202 at 0.59033757661813575 size 20.0
2026-03-21 18:03:00,824 | utils | INFO | TRADE EXECUTED: SNIPE | Market: 531202 | Size: 20.0 | Expected P&L: N/A
2026-03-21 18:03:01,325 | strategies | INFO | 🎯 Sniping opportunity: NO at 0.60197316196822411 (edge: 0.0820)
2026-03-21 18:03:01,325 | utils | INFO | SNIPE: NO | Price: 0.6020 | Edge: 0.0820
2026-03-21 18:03:01,325 | polymarket | INFO | DRY RUN: Would place NO order for 540818 at 0.60197316196822411 size 20.0
2026-03-21 18:03:01,326 | utils | INFO | TRADE EXECUTED: SNIPE | Market: 540818 | Size: 20.0 | Expected P&L: N/A
2026-03-21 18:03:02,215 | strategies | INFO | 🎯 Sniping opportunity: YES at 0.6043214946179178 (edge: 0.0843)
2026-03-21 18:03:02,215 | utils | INFO | SNIPE: YES | Price: 0.6043 | Edge: 0.0843
2026-03-21 18:03:02,215 | polymarket | INFO | DRY RUN: Would place YES order for 540819 at 0.6043214946179178 size 20.0
2026-03-21 18:03:02,215 | utils | INFO | TRADE EXECUTED: SNIPE | Market: 540819 | Size: 20.0 | Expected P&L: N/A
2026-03-21 18:03:05,854 | strategies | INFO | 🎯 Sniping opportunity: YES at 0.57016497802101502 (edge: 0.0502)
2026-03-21 18:03:05,855 | utils | INFO | SNIPE: YES | Price: 0.5702 | Edge: 0.0502
2026-03-21 18:03:05,857 | polymarket | INFO | DRY RUN: Would place YES order for 531202 at 0.57016497802101502 size 20.0
2026-03-21 18:03:05,857 | utils | INFO | TRADE EXECUTED: SNIPE | Market: 531202 | Size: 20.0 | Expected P&L: N/A
2026-03-21 18:03:06,359 | strategies | INFO | 🎯 Sniping opportunity: YES at 0.61752886939748653 (edge: 0.0975)
2026-03-21 18:03:06,359 | utils | INFO | SNIPE: YES | Price: 0.6175 | Edge: 0.0975
2026-03-21 18:03:06,359 | polymarket | INFO | DRY RUN: Would place YES order for 540816 at 0.61752886939748653 size 20.0
2026-03-21 18:03:06,359 | utils | INFO | TRADE EXECUTED: SNIPE | Market: 540816 | Size: 20.0 | Expected P&L: N/A
2026-03-21 18:03:06,740 | httpx | INFO | HTTP Request: POST https://api.telegram.org/bot7377493035:AAGj7givCiG02bio_4TnVxLxV31fuOUHzqc/getUpdates "HTTP/1.1 200 OK"
2026-03-21 18:03:06,998 | strategies | INFO | 🎯 Sniping opportunity: YES at 0.5639974626593195 (edge: 0.0440)
2026-03-21 18:03:06,999 | utils | INFO | SNIPE: YES | Price: 0.5640 | Edge: 0.0440
2026-03-21 18:03:06,999 | polymarket | INFO | DRY RUN: Would place YES order for 540818 at 0.5639974626593195 size 20.0
2026-03-21 18:03:06,999 | utils | INFO | TRADE EXECUTED: SNIPE | Market: 540818 | Size: 20.0 | Expected P&L: N/A
2026-03-21 18:03:07,500 | strategies | INFO | 🎯 Sniping opportunity: YES at 0.5846510041089653 (edge: 0.0647)
2026-03-21 18:03:07,500 | utils | INFO | SNIPE: YES | Price: 0.5847 | Edge: 0.0647
2026-03-21 18:03:07,500 | polymarket | INFO | DRY RUN: Would place YES order for 540819 at 0.5846510041089653 size 20.0
2026-03-21 18:03:07,500 | utils | INFO | TRADE EXECUTED: SNIPE | Market: 540819 | Size: 20.0 | Expected P&L: N/A
2026-03-21 18:03:11,139 | strategies | INFO | 🎯 Sniping opportunity: YES at 0.59425707581544441 (edge: 0.0743)
2026-03-21 18:03:11,139 | utils | INFO | SNIPE: YES | Price: 0.5943 | Edge: 0.0743
2026-03-21 18:03:11,139 | polymarket | INFO | DRY RUN: Would place YES order for 531202 at 0.59425707581544441 size 20.0
2026-03-21 18:03:11,139 | utils | INFO | TRADE EXECUTED: SNIPE | Market: 531202 | Size: 20.0 | Expected P&L: N/A
2026-03-21 18:03:11,640 | strategies | INFO | 🎯 Sniping opportunity: NO at 0.562531207522907115 (edge: 0.0425)
2026-03-21 18:03:11,641 | utils | INFO | SNIPE: NO | Price: 0.5625 | Edge: 0.0425
2026-03-21 18:03:11,642 | polymarket | INFO | DRY RUN: Would place NO order for 540816 at 0.562531207522907115 size 20.0
2026-03-21 18:03:11,643 | utils | INFO | TRADE EXECUTED: SNIPE | Market: 540816 | Size: 20.0 | Expected P&L: N/A
2026-03-21 18:03:12,279 | strategies | INFO | 🎯 Sniping opportunity: YES at 0.566896054659762626 (edge: 0.0469)
2026-03-21 18:03:12,279 | utils | INFO | SNIPE: YES | Price: 0.5669 | Edge: 0.0469
2026-03-21 18:03:12,281 | polymarket | INFO | DRY RUN: Would place YES order for 540817 at 0.566896054659762626 size 20.0
2026-03-21 18:03:12,284 | utils | INFO | TRADE EXECUTED: SNIPE | Market: 540817 | Size: 20.0 | Expected P&L: N/A
2026-03-21 18:03:12,786 | strategies | INFO | 🎯 Sniping opportunity: YES at 0.61265911795029097 (edge: 0.0927)
2026-03-21 18:03:12,786 | utils | INFO | SNIPE: YES | Price: 0.6127 | Edge: 0.0927
2026-03-21 18:03:12,786 | polymarket | INFO | DRY RUN: Would place YES order for 540818 at 0.61265911795029097 size 20.0
2026-03-21 18:03:12,786 | utils | INFO | TRADE EXECUTED: SNIPE | Market: 540818 | Size: 20.0 | Expected P&L: N/A
2026-03-21 18:03:13,422 | strategies | INFO | 🎯 Sniping opportunity: NO at 0.558879165191687395 (edge: 0.0389)
2026-03-21 18:03:13,422 | utils | INFO | SNIPE: NO | Price: 0.5589 | Edge: 0.0389
2026-03-21 18:03:13,423 | polymarket | INFO | DRY RUN: Would place NO order for 540819 at 0.558879165191687395 size 20.0
2026-03-21 18:03:13,423 | utils | INFO | TRADE EXECUTED: SNIPE | Market: 540819 | Size: 20.0 | Expected P&L: N/A
2026-03-21 18:03:16,913 | httpx | INFO | HTTP Request: POST https://api.telegram.org/bot7377493035:AAGj7givCiG02bio_4TnVxLxV31fuOUHzqc/getUpdates "HTTP/1.1 200 OK"
2026-03-21 18:03:17,061 | strategies | INFO | 🎯 Sniping opportunity: YES at 0.5806248176903767 (edge: 0.0606)
2026-03-21 18:03:17,062 | utils | INFO | SNIPE: YES | Price: 0.5806 | Edge: 0.0606
2026-03-21 18:03:17,063 | polymarket | INFO | DRY RUN: Would place YES order for 531202 at 0.5806248176903767 size 20.0
2026-03-21 18:03:17,063 | utils | INFO | TRADE EXECUTED: SNIPE | Market: 531202 | Size: 20.0 | Expected P&L: N/A
2026-03-21 18:03:17,564 | strategies | INFO | 🎯 Sniping opportunity: YES at 0.59442413308495 (edge: 0.0744)
2026-03-21 18:03:17,564 | utils | INFO | SNIPE: YES | Price: 0.5944 | Edge: 0.0744
2026-03-21 18:03:17,564 | polymarket | INFO | DRY RUN: Would place YES order for 540816 at 0.59442413308495 size 20.0
2026-03-21 18:03:17,564 | utils | INFO | TRADE EXECUTED: SNIPE | Market: 540816 | Size: 20.0 | Expected P&L: N/A
2026-03-21 18:03:18,200 | __main__ | ERROR | Error processing market 540819: 'edge'
2026-03-21 18:03:21,337 | strategies | INFO | 🎯 Sniping opportunity: NO at 0.55475784352130416 (edge: 0.0348)
2026-03-21 18:03:21,337 | utils | INFO | SNIPE: NO | Price: 0.5548 | Edge: 0.0348
2026-03-21 18:03:21,337 | polymarket | INFO | DRY RUN: Would place NO order for 531202 at 0.55475784352130416 size 20.0
2026-03-21 18:03:21,337 | utils | INFO | TRADE EXECUTED: SNIPE | Market: 531202 | Size: 20.0 | Expected P&L: N/A
2026-03-21 18:03:21,838 | strategies | INFO | 🎯 Sniping opportunity: NO at 0.60780732742644744 (edge: 0.0878)
2026-03-21 18:03:21,839 | utils | INFO | SNIPE: NO | Price: 0.6078 | Edge: 0.0878
2026-03-21 18:03:21,839 | polymarket | INFO | DRY RUN: Would place NO order for 540816 at 0.60780732742644744 size 20.0
2026-03-21 18:03:21,839 | utils | INFO | TRADE EXECUTED: SNIPE | Market: 540816 | Size: 20.0 | Expected P&L: N/A
2026-03-21 18:03:22,477 | strategies | INFO | 🎯 Sniping opportunity: YES at 0.548967320348293024 (edge: 0.0290)
2026-03-21 18:03:22,477 | utils | INFO | SNIPE: YES | Price: 0.5490 | Edge: 0.0290
2026-03-21 18:03:22,477 | polymarket | INFO | DRY RUN: Would place YES order for 540817 at 0.548967320348293024 size 20.0
2026-03-21 18:03:22,477 | utils | INFO | TRADE EXECUTED: SNIPE | Market: 540817 | Size: 20.0 | Expected P&L: N/A
2026-03-21 18:03:22,978 | strategies | INFO | 🎯 Sniping opportunity: YES at 0.56062470249274061 (edge: 0.0406)
2026-03-21 18:03:22,979 | utils | INFO | SNIPE: YES | Price: 0.5606 | Edge: 0.0406
2026-03-21 18:03:22,979 | polymarket | INFO | DRY RUN: Would place YES order for 540818 at 0.56062470249274061 size 20.0
2026-03-21 18:03:22,979 | utils | INFO | TRADE EXECUTED: SNIPE | Market: 540818 | Size: 20.0 | Expected P&L: N/A
2026-03-21 18:03:23,615 | strategies | INFO | 🎯 Sniping opportunity: NO at 0.59430449914686832 (edge: 0.0743)
2026-03-21 18:03:23,615 | utils | INFO | SNIPE: NO | Price: 0.5943 | Edge: 0.0743
2026-03-21 18:03:23,615 | polymarket | INFO | DRY RUN: Would place NO order for 540819 at 0.59430449914686832 size 20.0
2026-03-21 18:03:23,615 | utils | INFO | TRADE EXECUTED: SNIPE | Market: 540819 | Size: 20.0 | Expected P&L: N/A
2026-03-21 18:03:27,085 | httpx | INFO | HTTP Request: POST https://api.telegram.org/bot7377493035:AAGj7givCiG02bio_4TnVxLxV31fuOUHzqc/getUpdates "HTTP/1.1 200 OK"
2026-03-21 18:03:27,252 | strategies | INFO | 🎯 Sniping opportunity: NO at 0.56246572647287972 (edge: 0.0425)
2026-03-21 18:03:27,253 | utils | INFO | SNIPE: NO | Price: 0.5625 | Edge: 0.0425
2026-03-21 18:03:27,253 | polymarket | INFO | DRY RUN: Would place NO order for 531202 at 0.56246572647287972 size 20.0
2026-03-21 18:03:27,253 | utils | INFO | TRADE EXECUTED: SNIPE | Market: 531202 | Size: 20.0 | Expected P&L: N/A
2026-03-21 18:03:27,754 | strategies | INFO | 🎯 Sniping opportunity: YES at 0.58990892860136474 (edge: 0.0699)
2026-03-21 18:03:27,755 | utils | INFO | SNIPE: YES | Price: 0.5899 | Edge: 0.0699
2026-03-21 18:03:27,755 | polymarket | INFO | DRY RUN: Would place YES order for 540816 at 0.58990892860136474 size 20.0
2026-03-21 18:03:27,755 | utils | INFO | TRADE EXECUTED: SNIPE | Market: 540816 | Size: 20.0 | Expected P&L: N/A
2026-03-21 18:03:28,392 | strategies | INFO | 🎯 Sniping opportunity: NO at 0.60168877355968945 (edge: 0.0817)
2026-03-21 18:03:28,393 | utils | INFO | SNIPE: NO | Price: 0.6017 | Edge: 0.0817
2026-03-21 18:03:28,393 | polymarket | INFO | DRY RUN: Would place NO order for 540817 at 0.60168877355968945 size 20.0
2026-03-21 18:03:28,393 | utils | INFO | TRADE EXECUTED: SNIPE | Market: 540817 | Size: 20.0 | Expected P&L: N/A
2026-03-21 18:03:28,894 | strategies | INFO | 🎯 Sniping opportunity: NO at 0.61971488952621954 (edge: 0.0997)
2026-03-21 18:03:28,895 | utils | INFO | SNIPE: NO | Price: 0.6197 | Edge: 0.0997
2026-03-21 18:03:28,895 | polymarket | INFO | DRY RUN: Would place NO order for 540819 at 0.61971488952621954 size 20.0
2026-03-21 18:03:28,895 | utils | INFO | TRADE EXECUTED: SNIPE | Market: 540819 | Size: 20.0 | Expected P&L: N/A
2026-03-21 18:03:32,533 | strategies | INFO | 🎯 Sniping opportunity: YES at 0.546926992767544178 (edge: 0.0269)
2026-03-21 18:03:32,533 | utils | INFO | SNIPE: YES | Price: 0.5469 | Edge: 0.0269
2026-03-21 18:03:32,533 | polymarket | INFO | DRY RUN: Would place YES order for 540816 at 0.546926992767544178 size 20.0
2026-03-21 18:03:32,533 | utils | INFO | TRADE EXECUTED: SNIPE | Market: 540816 | Size: 20.0 | Expected P&L: N/A
2026-03-21 18:03:33,034 | strategies | INFO | 🎯 Sniping opportunity: NO at 0.58024826918098121 (edge: 0.0602)
2026-03-21 18:03:33,035 | utils | INFO | SNIPE: NO | Price: 0.5802 | Edge: 0.0602
2026-03-21 18:03:33,035 | polymarket | INFO | DRY RUN: Would place NO order for 540817 at 0.58024826918098121 size 20.0
2026-03-21 18:03:33,035 | utils | INFO | TRADE EXECUTED: SNIPE | Market: 540817 | Size: 20.0 | Expected P&L: N/A
2026-03-21 18:03:33,673 | strategies | INFO | 🎯 Sniping opportunity: NO at 0.61150878383563031 (edge: 0.0915)
2026-03-21 18:03:33,673 | utils | INFO | SNIPE: NO | Price: 0.6115 | Edge: 0.0915
2026-03-21 18:03:33,673 | polymarket | INFO | DRY RUN: Would place NO order for 540818 at 0.61150878383563031 size 20.0
2026-03-21 18:03:33,673 | utils | INFO | TRADE EXECUTED: SNIPE | Market: 540818 | Size: 20.0 | Expected P&L: N/A
2026-03-21 18:03:34,175 | strategies | INFO | 🎯 Sniping opportunity: NO at 0.58373002274771761 (edge: 0.0637)
2026-03-21 18:03:34,185 | utils | INFO | SNIPE: NO | Price: 0.5837 | Edge: 0.0637
2026-03-21 18:03:34,188 | polymarket | INFO | DRY RUN: Would place NO order for 540819 at 0.58373002274771761 size 20.0
2026-03-21 18:03:34,190 | utils | INFO | TRADE EXECUTED: SNIPE | Market: 540819 | Size: 20.0 | Expected P&L: N/A
2026-03-21 18:03:37,259 | httpx | INFO | HTTP Request: POST https://api.telegram.org/bot7377493035:AAGj7givCiG02bio_4TnVxLxV31fuOUHzqc/getUpdates "HTTP/1.1 200 OK"
2026-03-21 18:03:37,828 | strategies | INFO | 🎯 Sniping opportunity: YES at 0.58397583901825829 (edge: 0.0640)
2026-03-21 18:03:37,828 | utils | INFO | SNIPE: YES | Price: 0.5840 | Edge: 0.0640
2026-03-21 18:03:37,828 | polymarket | INFO | DRY RUN: Would place YES order for 531202 at 0.58397583901825829 size 20.0
2026-03-21 18:03:37,828 | utils | INFO | TRADE EXECUTED: SNIPE | Market: 531202 | Size: 20.0 | Expected P&L: N/A
2026-03-21 18:03:38,329 | strategies | INFO | 🎯 Sniping opportunity: YES at 0.540530477899748864 (edge: 0.0205)
2026-03-21 18:03:38,329 | utils | INFO | SNIPE: YES | Price: 0.5405 | Edge: 0.0205
2026-03-21 18:03:38,330 | polymarket | INFO | DRY RUN: Would place YES order for 540816 at 0.540530477899748864 size 20.0
2026-03-21 18:03:38,330 | utils | INFO | TRADE EXECUTED: SNIPE | Market: 540816 | Size: 20.0 | Expected P&L: N/A
2026-03-21 18:03:38,966 | strategies | INFO | 🎯 Sniping opportunity: NO at 0.544153094522072732 (edge: 0.0242)
2026-03-21 18:03:38,966 | utils | INFO | SNIPE: NO | Price: 0.5442 | Edge: 0.0242
2026-03-21 18:03:38,966 | polymarket | INFO | DRY RUN: Would place NO order for 540818 at 0.544153094522072732 size 20.0
2026-03-21 18:03:38,966 | utils | INFO | TRADE EXECUTED: SNIPE | Market: 540818 | Size: 20.0 | Expected P&L: N/A
2026-03-21 18:03:39,467 | strategies | INFO | 🎯 Sniping opportunity: NO at 0.61706233348547169 (edge: 0.0971)
2026-03-21 18:03:39,469 | utils | INFO | SNIPE: NO | Price: 0.6171 | Edge: 0.0971
2026-03-21 18:03:39,469 | polymarket | INFO | DRY RUN: Would place NO order for 540819 at 0.61706233348547169 size 20.0
2026-03-21 18:03:39,470 | utils | INFO | TRADE EXECUTED: SNIPE | Market: 540819 | Size: 20.0 | Expected P&L: N/A
2026-03-21 18:03:43,109 | strategies | INFO | 🎯 Sniping opportunity: NO at 0.58914293055194361 (edge: 0.0691)
2026-03-21 18:03:43,109 | utils | INFO | SNIPE: NO | Price: 0.5891 | Edge: 0.0691
2026-03-21 18:03:43,109 | polymarket | INFO | DRY RUN: Would place NO order for 531202 at 0.58914293055194361 size 20.0
2026-03-21 18:03:43,109 | utils | INFO | TRADE EXECUTED: SNIPE | Market: 531202 | Size: 20.0 | Expected P&L: N/A
2026-03-21 18:03:43,611 | strategies | INFO | 🎯 Sniping opportunity: NO at 0.5478099770228947 (edge: 0.0278)
2026-03-21 18:03:43,611 | utils | INFO | SNIPE: NO | Price: 0.5478 | Edge: 0.0278
2026-03-21 18:03:43,612 | polymarket | INFO | DRY RUN: Would place NO order for 540816 at 0.5478099770228947 size 20.0
2026-03-21 18:03:43,612 | utils | INFO | TRADE EXECUTED: SNIPE | Market: 540816 | Size: 20.0 | Expected P&L: N/A
2026-03-21 18:03:44,248 | strategies | INFO | 🎯 Sniping opportunity: YES at 0.5787798821426484 (edge: 0.0588)
2026-03-21 18:03:44,248 | utils | INFO | SNIPE: YES | Price: 0.5788 | Edge: 0.0588
2026-03-21 18:03:44,248 | polymarket | INFO | DRY RUN: Would place YES order for 540817 at 0.5787798821426484 size 20.0
2026-03-21 18:03:44,249 | utils | INFO | TRADE EXECUTED: SNIPE | Market: 540817 | Size: 20.0 | Expected P&L: N/A
2026-03-21 18:03:44,751 | strategies | INFO | 🎯 Sniping opportunity: YES at 0.55878973733153662 (edge: 0.0388)
2026-03-21 18:03:44,752 | utils | INFO | SNIPE: YES | Price: 0.5588 | Edge: 0.0388
2026-03-21 18:03:44,753 | polymarket | INFO | DRY RUN: Would place YES order for 540818 at 0.55878973733153662 size 20.0
2026-03-21 18:03:44,753 | utils | INFO | TRADE EXECUTED: SNIPE | Market: 540818 | Size: 20.0 | Expected P&L: N/A
2026-03-21 18:03:45,388 | strategies | INFO | 🎯 Sniping opportunity: NO at 0.55190526543890952 (edge: 0.0319)
2026-03-21 18:03:45,389 | utils | INFO | SNIPE: NO | Price: 0.5519 | Edge: 0.0319
2026-03-21 18:03:45,389 | polymarket | INFO | DRY RUN: Would place NO order for 540819 at 0.55190526543890952 size 20.0
2026-03-21 18:03:45,389 | utils | INFO | TRADE EXECUTED: SNIPE | Market: 540819 | Size: 20.0 | Expected P&L: N/A
2026-03-21 18:03:47,438 | httpx | INFO | HTTP Request: POST https://api.telegram.org/bot7377493035:AAGj7givCiG02bio_4TnVxLxV31fuOUHzqc/getUpdates "HTTP/1.1 200 OK"
2026-03-21 18:03:49,025 | strategies | INFO | 🎯 Sniping opportunity: YES at 0.575595111155620935 (edge: 0.0556)
2026-03-21 18:03:49,025 | utils | INFO | SNIPE: YES | Price: 0.5756 | Edge: 0.0556
2026-03-21 18:03:49,025 | polymarket | INFO | DRY RUN: Would place YES order for 531202 at 0.575595111155620935 size 20.0
2026-03-21 18:03:49,025 | utils | INFO | TRADE EXECUTED: SNIPE | Market: 531202 | Size: 20.0 | Expected P&L: N/A
2026-03-21 18:03:49,526 | strategies | INFO | 🎯 Sniping opportunity: NO at 0.56795229420143894 (edge: 0.0480)
2026-03-21 18:03:49,526 | utils | INFO | SNIPE: NO | Price: 0.5680 | Edge: 0.0480
2026-03-21 18:03:49,526 | polymarket | INFO | DRY RUN: Would place NO order for 540816 at 0.56795229420143894 size 20.0
2026-03-21 18:03:49,527 | utils | INFO | TRADE EXECUTED: SNIPE | Market: 540816 | Size: 20.0 | Expected P&L: N/A
2026-03-21 18:03:50,165 | strategies | INFO | 🎯 Sniping opportunity: YES at 0.61547768831201439 (edge: 0.0955)
2026-03-21 18:03:50,165 | utils | INFO | SNIPE: YES | Price: 0.6155 | Edge: 0.0955
2026-03-21 18:03:50,167 | polymarket | INFO | DRY RUN: Would place YES order for 540819 at 0.61547768831201439 size 20.0
2026-03-21 18:03:50,167 | utils | INFO | TRADE EXECUTED: SNIPE | Market: 540819 | Size: 20.0 | Expected P&L: N/A
2026-03-21 18:03:53,806 | strategies | INFO | 🎯 Sniping opportunity: NO at 0.56475276535614876 (edge: 0.0448)
2026-03-21 18:03:53,806 | utils | INFO | SNIPE: NO | Price: 0.5648 | Edge: 0.0448
2026-03-21 18:03:53,806 | polymarket | INFO | DRY RUN: Would place NO order for 531202 at 0.56475276535614876 size 20.0
2026-03-21 18:03:53,806 | utils | INFO | TRADE EXECUTED: SNIPE | Market: 531202 | Size: 20.0 | Expected P&L: N/A
2026-03-21 18:03:54,307 | strategies | INFO | 🎯 Sniping opportunity: NO at 0.59167109279494377 (edge: 0.0717)
2026-03-21 18:03:54,308 | utils | INFO | SNIPE: NO | Price: 0.5917 | Edge: 0.0717
2026-03-21 18:03:54,308 | polymarket | INFO | DRY RUN: Would place NO order for 540816 at 0.59167109279494377 size 20.0
2026-03-21 18:03:54,308 | utils | INFO | TRADE EXECUTED: SNIPE | Market: 540816 | Size: 20.0 | Expected P&L: N/A
2026-03-21 18:03:54,945 | strategies | INFO | 🎯 Sniping opportunity: NO at 0.607339034460947 (edge: 0.0873)
2026-03-21 18:03:54,945 | utils | INFO | SNIPE: NO | Price: 0.6073 | Edge: 0.0873
2026-03-21 18:03:54,946 | polymarket | INFO | DRY RUN: Would place NO order for 540817 at 0.607339034460947 size 20.0
2026-03-21 18:03:54,946 | utils | INFO | TRADE EXECUTED: SNIPE | Market: 540817 | Size: 20.0 | Expected P&L: N/A
2026-03-21 18:03:55,447 | strategies | INFO | 🎯 Sniping opportunity: YES at 0.61192579348417126 (edge: 0.0919)
2026-03-21 18:03:55,448 | utils | INFO | SNIPE: YES | Price: 0.6119 | Edge: 0.0919
2026-03-21 18:03:55,449 | polymarket | INFO | DRY RUN: Would place YES order for 540819 at 0.61192579348417126 size 20.0
2026-03-21 18:03:55,449 | utils | INFO | TRADE EXECUTED: SNIPE | Market: 540819 | Size: 20.0 | Expected P&L: N/A
2026-03-21 18:03:57,619 | httpx | INFO | HTTP Request: POST https://api.telegram.org/bot7377493035:AAGj7givCiG02bio_4TnVxLxV31fuOUHzqc/getUpdates "HTTP/1.1 200 OK"
2026-03-21 18:03:59,086 | strategies | INFO | 🎯 Sniping opportunity: NO at 0.5501895796828605 (edge: 0.0302)
2026-03-21 18:03:59,087 | utils | INFO | SNIPE: NO | Price: 0.5502 | Edge: 0.0302
2026-03-21 18:03:59,087 | polymarket | INFO | DRY RUN: Would place NO order for 531202 at 0.5501895796828605 size 20.0
2026-03-21 18:03:59,087 | utils | INFO | TRADE EXECUTED: SNIPE | Market: 531202 | Size: 20.0 | Expected P&L: N/A
2026-03-21 18:03:59,588 | strategies | INFO | 🎯 Sniping opportunity: NO at 0.548261402930687726 (edge: 0.0283)
2026-03-21 18:03:59,588 | utils | INFO | SNIPE: NO | Price: 0.5483 | Edge: 0.0283
2026-03-21 18:03:59,588 | polymarket | INFO | DRY RUN: Would place NO order for 540816 at 0.548261402930687726 size 20.0
2026-03-21 18:03:59,588 | utils | INFO | TRADE EXECUTED: SNIPE | Market: 540816 | Size: 20.0 | Expected P&L: N/A
2026-03-21 18:04:00,222 | strategies | INFO | 🎯 Sniping opportunity: YES at 0.5738205733127772 (edge: 0.0538)
2026-03-21 18:04:00,223 | utils | INFO | SNIPE: YES | Price: 0.5738 | Edge: 0.0538
2026-03-21 18:04:00,223 | polymarket | INFO | DRY RUN: Would place YES order for 540817 at 0.5738205733127772 size 20.0
2026-03-21 18:04:00,223 | utils | INFO | TRADE EXECUTED: SNIPE | Market: 540817 | Size: 20.0 | Expected P&L: N/A
2026-03-21 18:04:00,724 | strategies | INFO | 🎯 Sniping opportunity: YES at 0.55464828937669939 (edge: 0.0346)
2026-03-21 18:04:00,724 | utils | INFO | SNIPE: YES | Price: 0.5546 | Edge: 0.0346
2026-03-21 18:04:00,724 | polymarket | INFO | DRY RUN: Would place YES order for 540818 at 0.55464828937669939 size 20.0
2026-03-21 18:04:00,724 | utils | INFO | TRADE EXECUTED: SNIPE | Market: 540818 | Size: 20.0 | Expected P&L: N/A
2026-03-21 18:04:04,499 | strategies | INFO | 🎯 Sniping opportunity: NO at 0.59732055068093309 (edge: 0.0773)
2026-03-21 18:04:04,500 | utils | INFO | SNIPE: NO | Price: 0.5973 | Edge: 0.0773
2026-03-21 18:04:04,500 | polymarket | INFO | DRY RUN: Would place NO order for 531202 at 0.59732055068093309 size 20.0
2026-03-21 18:04:04,500 | utils | INFO | TRADE EXECUTED: SNIPE | Market: 531202 | Size: 20.0 | Expected P&L: N/A
2026-03-21 18:04:05,001 | strategies | INFO | 🎯 Sniping opportunity: YES at 0.568275047988515396 (edge: 0.0483)
2026-03-21 18:04:05,001 | utils | INFO | SNIPE: YES | Price: 0.5683 | Edge: 0.0483
2026-03-21 18:04:05,001 | polymarket | INFO | DRY RUN: Would place YES order for 540816 at 0.568275047988515396 size 20.0
2026-03-21 18:04:05,001 | utils | INFO | TRADE EXECUTED: SNIPE | Market: 540816 | Size: 20.0 | Expected P&L: N/A
2026-03-21 18:04:05,635 | strategies | INFO | 🎯 Sniping opportunity: NO at 0.54684859212501163 (edge: 0.0268)
2026-03-21 18:04:05,635 | utils | INFO | SNIPE: NO | Price: 0.5468 | Edge: 0.0268
2026-03-21 18:04:05,635 | polymarket | INFO | DRY RUN: Would place NO order for 540817 at 0.54684859212501163 size 20.0
2026-03-21 18:04:05,635 | utils | INFO | TRADE EXECUTED: SNIPE | Market: 540817 | Size: 20.0 | Expected P&L: N/A
2026-03-21 18:04:06,136 | strategies | INFO | 🎯 Sniping opportunity: YES at 0.61266591326379339 (edge: 0.0927)
2026-03-21 18:04:06,136 | utils | INFO | SNIPE: YES | Price: 0.6127 | Edge: 0.0927
2026-03-21 18:04:06,137 | polymarket | INFO | DRY RUN: Would place YES order for 540818 at 0.61266591326379339 size 20.0
2026-03-21 18:04:06,137 | utils | INFO | TRADE EXECUTED: SNIPE | Market: 540818 | Size: 20.0 | Expected P&L: N/A
2026-03-21 18:04:06,772 | strategies | INFO | 🎯 Sniping opportunity: NO at 0.61324826346965674 (edge: 0.0932)
2026-03-21 18:04:06,772 | utils | INFO | SNIPE: NO | Price: 0.6132 | Edge: 0.0932
2026-03-21 18:04:06,773 | polymarket | INFO | DRY RUN: Would place NO order for 540819 at 0.61324826346965674 size 20.0
2026-03-21 18:04:06,773 | utils | INFO | TRADE EXECUTED: SNIPE | Market: 540819 | Size: 20.0 | Expected P&L: N/A
2026-03-21 18:04:07,796 | httpx | INFO | HTTP Request: POST https://api.telegram.org/bot7377493035:AAGj7givCiG02bio_4TnVxLxV31fuOUHzqc/getUpdates "HTTP/1.1 200 OK"
2026-03-21 18:04:10,413 | strategies | INFO | 🎯 Sniping opportunity: NO at 0.55646941733094321 (edge: 0.0365)
2026-03-21 18:04:10,413 | utils | INFO | SNIPE: NO | Price: 0.5565 | Edge: 0.0365
2026-03-21 18:04:10,413 | polymarket | INFO | DRY RUN: Would place NO order for 531202 at 0.55646941733094321 size 20.0
2026-03-21 18:04:10,413 | utils | INFO | TRADE EXECUTED: SNIPE | Market: 531202 | Size: 20.0 | Expected P&L: N/A
2026-03-21 18:04:10,914 | strategies | INFO | 🎯 Sniping opportunity: NO at 0.58768419818327845 (edge: 0.0677)
2026-03-21 18:04:10,915 | utils | INFO | SNIPE: NO | Price: 0.5877 | Edge: 0.0677
2026-03-21 18:04:10,915 | polymarket | INFO | DRY RUN: Would place NO order for 540816 at 0.58768419818327845 size 20.0
2026-03-21 18:04:10,915 | utils | INFO | TRADE EXECUTED: SNIPE | Market: 540816 | Size: 20.0 | Expected P&L: N/A
2026-03-21 18:04:11,549 | strategies | INFO | 🎯 Sniping opportunity: NO at 0.549508472309914532 (edge: 0.0295)
2026-03-21 18:04:11,550 | utils | INFO | SNIPE: NO | Price: 0.5495 | Edge: 0.0295
2026-03-21 18:04:11,550 | polymarket | INFO | DRY RUN: Would place NO order for 540817 at 0.549508472309914532 size 20.0
2026-03-21 18:04:11,550 | utils | INFO | TRADE EXECUTED: SNIPE | Market: 540817 | Size: 20.0 | Expected P&L: N/A
2026-03-21 18:04:12,051 | strategies | INFO | 🎯 Sniping opportunity: YES at 0.575266776899301484 (edge: 0.0553)
2026-03-21 18:04:12,051 | utils | INFO | SNIPE: YES | Price: 0.5753 | Edge: 0.0553
2026-03-21 18:04:12,051 | polymarket | INFO | DRY RUN: Would place YES order for 540818 at 0.575266776899301484 size 20.0
2026-03-21 18:04:12,051 | utils | INFO | TRADE EXECUTED: SNIPE | Market: 540818 | Size: 20.0 | Expected P&L: N/A
2026-03-21 18:04:12,689 | strategies | INFO | 🎯 Sniping opportunity: NO at 0.56009698496551253 (edge: 0.0401)
2026-03-21 18:04:12,690 | utils | INFO | SNIPE: NO | Price: 0.5601 | Edge: 0.0401
2026-03-21 18:04:12,690 | polymarket | INFO | DRY RUN: Would place NO order for 540819 at 0.56009698496551253 size 20.0
2026-03-21 18:04:12,690 | utils | INFO | TRADE EXECUTED: SNIPE | Market: 540819 | Size: 20.0 | Expected P&L: N/A
2026-03-21 18:04:16,328 | strategies | INFO | 🎯 Sniping opportunity: NO at 0.55651079895512957 (edge: 0.0365)
2026-03-21 18:04:16,328 | utils | INFO | SNIPE: NO | Price: 0.5565 | Edge: 0.0365
2026-03-21 18:04:16,328 | polymarket | INFO | DRY RUN: Would place NO order for 531202 at 0.55651079895512957 size 20.0
2026-03-21 18:04:16,328 | utils | INFO | TRADE EXECUTED: SNIPE | Market: 531202 | Size: 20.0 | Expected P&L: N/A
2026-03-21 18:04:16,829 | __main__ | ERROR | Error processing market 540816: 'edge'
2026-03-21 18:04:16,830 | strategies | INFO | 🎯 Sniping opportunity: NO at 0.56325151815471687 (edge: 0.0433)
2026-03-21 18:04:16,830 | utils | INFO | SNIPE: NO | Price: 0.5633 | Edge: 0.0433
2026-03-21 18:04:16,830 | polymarket | INFO | DRY RUN: Would place NO order for 540817 at 0.56325151815471687 size 20.0
2026-03-21 18:04:16,830 | utils | INFO | TRADE EXECUTED: SNIPE | Market: 540817 | Size: 20.0 | Expected P&L: N/A
2026-03-21 18:04:17,466 | __main__ | ERROR | Error processing market 540818: 'edge'
2026-03-21 18:04:17,976 | httpx | INFO | HTTP Request: POST https://api.telegram.org/bot7377493035:AAGj7givCiG02bio_4TnVxLxV31fuOUHzqc/getUpdates "HTTP/1.1 200 OK"
2026-03-21 18:04:20,606 | strategies | INFO | 🎯 Sniping opportunity: NO at 0.60536730841065916 (edge: 0.0854)
2026-03-21 18:04:20,606 | utils | INFO | SNIPE: NO | Price: 0.6054 | Edge: 0.0854
2026-03-21 18:04:20,606 | polymarket | INFO | DRY RUN: Would place NO order for 540816 at 0.60536730841065916 size 20.0
2026-03-21 18:04:20,606 | utils | INFO | TRADE EXECUTED: SNIPE | Market: 540816 | Size: 20.0 | Expected P&L: N/A
2026-03-21 18:04:21,107 | strategies | INFO | 🎯 Sniping opportunity: YES at 0.55506783751508841 (edge: 0.0351)
2026-03-21 18:04:21,107 | utils | INFO | SNIPE: YES | Price: 0.5551 | Edge: 0.0351
2026-03-21 18:04:21,107 | polymarket | INFO | DRY RUN: Would place YES order for 540817 at 0.55506783751508841 size 20.0
2026-03-21 18:04:21,108 | utils | INFO | TRADE EXECUTED: SNIPE | Market: 540817 | Size: 20.0 | Expected P&L: N/A
2026-03-21 18:04:21,743 | strategies | INFO | 🎯 Sniping opportunity: YES at 0.60054998931579654 (edge: 0.0805)
2026-03-21 18:04:21,744 | utils | INFO | SNIPE: YES | Price: 0.6005 | Edge: 0.0805
2026-03-21 18:04:21,744 | polymarket | INFO | DRY RUN: Would place YES order for 540818 at 0.60054998931579654 size 20.0
2026-03-21 18:04:21,744 | utils | INFO | TRADE EXECUTED: SNIPE | Market: 540818 | Size: 20.0 | Expected P&L: N/A
2026-03-21 18:04:22,245 | strategies | INFO | 🎯 Sniping opportunity: YES at 0.59959991731807392 (edge: 0.0796)
2026-03-21 18:04:22,245 | utils | INFO | SNIPE: YES | Price: 0.5996 | Edge: 0.0796
2026-03-21 18:04:22,245 | polymarket | INFO | DRY RUN: Would place YES order for 540819 at 0.59959991731807392 size 20.0
2026-03-21 18:04:22,245 | utils | INFO | TRADE EXECUTED: SNIPE | Market: 540819 | Size: 20.0 | Expected P&L: N/A
2026-03-21 18:04:25,883 | strategies | INFO | 🎯 Sniping opportunity: NO at 0.57415720191544182 (edge: 0.0542)
2026-03-21 18:04:25,884 | utils | INFO | SNIPE: NO | Price: 0.5742 | Edge: 0.0542
2026-03-21 18:04:25,884 | polymarket | INFO | DRY RUN: Would place NO order for 531202 at 0.57415720191544182 size 20.0
2026-03-21 18:04:25,884 | utils | INFO | TRADE EXECUTED: SNIPE | Market: 531202 | Size: 20.0 | Expected P&L: N/A
2026-03-21 18:04:26,385 | strategies | INFO | 🎯 Sniping opportunity: NO at 0.61014333037120702 (edge: 0.0901)
2026-03-21 18:04:26,385 | utils | INFO | SNIPE: NO | Price: 0.6101 | Edge: 0.0901
2026-03-21 18:04:26,386 | polymarket | INFO | DRY RUN: Would place NO order for 540817 at 0.61014333037120702 size 20.0
2026-03-21 18:04:26,386 | utils | INFO | TRADE EXECUTED: SNIPE | Market: 540817 | Size: 20.0 | Expected P&L: N/A
2026-03-21 18:04:27,019 | strategies | INFO | 🎯 Sniping opportunity: NO at 0.57560305109653747 (edge: 0.0556)
2026-03-21 18:04:27,020 | utils | INFO | SNIPE: NO | Price: 0.5756 | Edge: 0.0556
2026-03-21 18:04:27,020 | polymarket | INFO | DRY RUN: Would place NO order for 540818 at 0.57560305109653747 size 20.0
2026-03-21 18:04:27,020 | utils | INFO | TRADE EXECUTED: SNIPE | Market: 540818 | Size: 20.0 | Expected P&L: N/A
2026-03-21 18:04:27,521 | strategies | INFO | 🎯 Sniping opportunity: YES at 0.56845208584032051 (edge: 0.0485)
2026-03-21 18:04:27,521 | utils | INFO | SNIPE: YES | Price: 0.5685 | Edge: 0.0485
2026-03-21 18:04:27,522 | polymarket | INFO | DRY RUN: Would place YES order for 540819 at 0.56845208584032051 size 20.0
2026-03-21 18:04:27,522 | utils | INFO | TRADE EXECUTED: SNIPE | Market: 540819 | Size: 20.0 | Expected P&L: N/A
2026-03-21 18:04:28,160 | httpx | INFO | HTTP Request: POST https://api.telegram.org/bot7377493035:AAGj7givCiG02bio_4TnVxLxV31fuOUHzqc/getUpdates "HTTP/1.1 200 OK"
2026-03-21 18:04:31,162 | strategies | INFO | 🎯 Sniping opportunity: NO at 0.60550014271988277 (edge: 0.0855)
2026-03-21 18:04:31,163 | utils | INFO | SNIPE: NO | Price: 0.6055 | Edge: 0.0855
2026-03-21 18:04:31,163 | polymarket | INFO | DRY RUN: Would place NO order for 540816 at 0.60550014271988277 size 20.0
2026-03-21 18:04:31,163 | utils | INFO | TRADE EXECUTED: SNIPE | Market: 540816 | Size: 20.0 | Expected P&L: N/A
2026-03-21 18:04:31,664 | strategies | INFO | 🎯 Sniping opportunity: YES at 0.557929130922952886 (edge: 0.0379)
2026-03-21 18:04:31,665 | utils | INFO | SNIPE: YES | Price: 0.5579 | Edge: 0.0379
2026-03-21 18:04:31,665 | polymarket | INFO | DRY RUN: Would place YES order for 540817 at 0.557929130922952886 size 20.0
2026-03-21 18:04:31,665 | utils | INFO | TRADE EXECUTED: SNIPE | Market: 540817 | Size: 20.0 | Expected P&L: N/A
2026-03-21 18:04:32,300 | strategies | INFO | 🎯 Sniping opportunity: NO at 0.60533679920935718 (edge: 0.0853)
2026-03-21 18:04:32,300 | utils | INFO | SNIPE: NO | Price: 0.6053 | Edge: 0.0853
2026-03-21 18:04:32,300 | polymarket | INFO | DRY RUN: Would place NO order for 540818 at 0.60533679920935718 size 20.0
2026-03-21 18:04:32,300 | utils | INFO | TRADE EXECUTED: SNIPE | Market: 540818 | Size: 20.0 | Expected P&L: N/A
2026-03-21 18:04:32,802 | strategies | INFO | 🎯 Sniping opportunity: YES at 0.56300241041754488 (edge: 0.0430)
2026-03-21 18:04:32,802 | utils | INFO | SNIPE: YES | Price: 0.5630 | Edge: 0.0430
2026-03-21 18:04:32,802 | polymarket | INFO | DRY RUN: Would place YES order for 540819 at 0.56300241041754488 size 20.0
2026-03-21 18:04:32,802 | utils | INFO | TRADE EXECUTED: SNIPE | Market: 540819 | Size: 20.0 | Expected P&L: N/A
2026-03-21 18:04:36,442 | strategies | INFO | 🎯 Sniping opportunity: NO at 0.59392883529475545 (edge: 0.0739)
2026-03-21 18:04:36,442 | utils | INFO | SNIPE: NO | Price: 0.5939 | Edge: 0.0739
2026-03-21 18:04:36,442 | polymarket | INFO | DRY RUN: Would place NO order for 531202 at 0.59392883529475545 size 20.0
2026-03-21 18:04:36,442 | utils | INFO | TRADE EXECUTED: SNIPE | Market: 531202 | Size: 20.0 | Expected P&L: N/A
2026-03-21 18:04:36,943 | strategies | INFO | 🎯 Sniping opportunity: YES at 0.57402156173283504 (edge: 0.0540)
2026-03-21 18:04:36,944 | utils | INFO | SNIPE: YES | Price: 0.5740 | Edge: 0.0540
2026-03-21 18:04:36,944 | polymarket | INFO | DRY RUN: Would place YES order for 540816 at 0.57402156173283504 size 20.0
2026-03-21 18:04:36,944 | utils | INFO | TRADE EXECUTED: SNIPE | Market: 540816 | Size: 20.0 | Expected P&L: N/A
2026-03-21 18:04:37,582 | strategies | INFO | 🎯 Sniping opportunity: NO at 0.56383990923244474 (edge: 0.0438)
2026-03-21 18:04:37,582 | utils | INFO | SNIPE: NO | Price: 0.5638 | Edge: 0.0438
2026-03-21 18:04:37,582 | polymarket | INFO | DRY RUN: Would place NO order for 540817 at 0.56383990923244474 size 20.0
2026-03-21 18:04:37,582 | utils | INFO | TRADE EXECUTED: SNIPE | Market: 540817 | Size: 20.0 | Expected P&L: N/A
2026-03-21 18:04:38,083 | strategies | INFO | 🎯 Sniping opportunity: NO at 0.59693127850548716 (edge: 0.0769)
2026-03-21 18:04:38,084 | utils | INFO | SNIPE: NO | Price: 0.5969 | Edge: 0.0769
2026-03-21 18:04:38,084 | polymarket | INFO | DRY RUN: Would place NO order for 540818 at 0.59693127850548716 size 20.0
2026-03-21 18:04:38,084 | utils | INFO | TRADE EXECUTED: SNIPE | Market: 540818 | Size: 20.0 | Expected P&L: N/A
2026-03-21 18:04:38,339 | httpx | INFO | HTTP Request: POST https://api.telegram.org/bot7377493035:AAGj7givCiG02bio_4TnVxLxV31fuOUHzqc/getUpdates "HTTP/1.1 200 OK"
2026-03-21 18:04:38,718 | strategies | INFO | 🎯 Sniping opportunity: NO at 0.59890986997275529 (edge: 0.0789)
2026-03-21 18:04:38,719 | utils | INFO | SNIPE: NO | Price: 0.5989 | Edge: 0.0789
2026-03-21 18:04:38,719 | polymarket | INFO | DRY RUN: Would place NO order for 540819 at 0.59890986997275529 size 20.0
2026-03-21 18:04:38,719 | utils | INFO | TRADE EXECUTED: SNIPE | Market: 540819 | Size: 20.0 | Expected P&L: N/A
2026-03-21 18:04:42,357 | strategies | INFO | 🎯 Sniping opportunity: YES at 0.61403997003403655 (edge: 0.0940)
2026-03-21 18:04:42,357 | utils | INFO | SNIPE: YES | Price: 0.6140 | Edge: 0.0940
2026-03-21 18:04:42,358 | polymarket | INFO | DRY RUN: Would place YES order for 531202 at 0.61403997003403655 size 20.0
2026-03-21 18:04:42,358 | utils | INFO | TRADE EXECUTED: SNIPE | Market: 531202 | Size: 20.0 | Expected P&L: N/A
2026-03-21 18:04:42,859 | strategies | INFO | 🎯 Sniping opportunity: NO at 0.60547537405366855 (edge: 0.0855)
2026-03-21 18:04:42,859 | utils | INFO | SNIPE: NO | Price: 0.6055 | Edge: 0.0855
2026-03-21 18:04:42,859 | polymarket | INFO | DRY RUN: Would place NO order for 540816 at 0.60547537405366855 size 20.0
2026-03-21 18:04:42,859 | utils | INFO | TRADE EXECUTED: SNIPE | Market: 540816 | Size: 20.0 | Expected P&L: N/A
2026-03-21 18:04:43,495 | strategies | INFO | 🎯 Sniping opportunity: YES at 0.58311350185236869 (edge: 0.0631)
2026-03-21 18:04:43,495 | utils | INFO | SNIPE: YES | Price: 0.5831 | Edge: 0.0631
2026-03-21 18:04:43,495 | polymarket | INFO | DRY RUN: Would place YES order for 540817 at 0.58311350185236869 size 20.0
2026-03-21 18:04:43,495 | utils | INFO | TRADE EXECUTED: SNIPE | Market: 540817 | Size: 20.0 | Expected P&L: N/A
2026-03-21 18:04:43,996 | strategies | INFO | 🎯 Sniping opportunity: NO at 0.54053228357951864 (edge: 0.0205)
2026-03-21 18:04:43,996 | utils | INFO | SNIPE: NO | Price: 0.5405 | Edge: 0.0205
2026-03-21 18:04:43,996 | polymarket | INFO | DRY RUN: Would place NO order for 540818 at 0.54053228357951864 size 20.0
2026-03-21 18:04:43,996 | utils | INFO | TRADE EXECUTED: SNIPE | Market: 540818 | Size: 20.0 | Expected P&L: N/A
2026-03-21 18:04:47,771 | strategies | INFO | 🎯 Sniping opportunity: NO at 0.5645357484169977 (edge: 0.0445)
2026-03-21 18:04:47,772 | utils | INFO | SNIPE: NO | Price: 0.5645 | Edge: 0.0445
2026-03-21 18:04:47,774 | polymarket | INFO | DRY RUN: Would place NO order for 531202 at 0.5645357484169977 size 20.0
2026-03-21 18:04:47,774 | utils | INFO | TRADE EXECUTED: SNIPE | Market: 531202 | Size: 20.0 | Expected P&L: N/A
2026-03-21 18:04:48,275 | strategies | INFO | 🎯 Sniping opportunity: NO at 0.56105005283708545 (edge: 0.0411)
2026-03-21 18:04:48,276 | utils | INFO | SNIPE: NO | Price: 0.5611 | Edge: 0.0411
2026-03-21 18:04:48,276 | polymarket | INFO | DRY RUN: Would place NO order for 540816 at 0.56105005283708545 size 20.0
2026-03-21 18:04:48,276 | utils | INFO | TRADE EXECUTED: SNIPE | Market: 540816 | Size: 20.0 | Expected P&L: N/A
2026-03-21 18:04:48,510 | httpx | INFO | HTTP Request: POST https://api.telegram.org/bot7377493035:AAGj7givCiG02bio_4TnVxLxV31fuOUHzqc/getUpdates "HTTP/1.1 200 OK"
2026-03-21 18:04:48,912 | strategies | INFO | 🎯 Sniping opportunity: YES at 0.59693207398397747 (edge: 0.0769)
2026-03-21 18:04:48,913 | utils | INFO | SNIPE: YES | Price: 0.5969 | Edge: 0.0769
2026-03-21 18:04:48,913 | polymarket | INFO | DRY RUN: Would place YES order for 540819 at 0.59693207398397747 size 20.0
2026-03-21 18:04:48,913 | utils | INFO | TRADE EXECUTED: SNIPE | Market: 540819 | Size: 20.0 | Expected P&L: N/A
2026-03-21 18:04:52,555 | strategies | INFO | 🎯 Sniping opportunity: YES at 0.56269412781376092 (edge: 0.0427)
2026-03-21 18:04:52,555 | utils | INFO | SNIPE: YES | Price: 0.5627 | Edge: 0.0427
2026-03-21 18:04:52,555 | polymarket | INFO | DRY RUN: Would place YES order for 531202 at 0.56269412781376092 size 20.0
2026-03-21 18:04:52,555 | utils | INFO | TRADE EXECUTED: SNIPE | Market: 531202 | Size: 20.0 | Expected P&L: N/A
2026-03-21 18:04:53,056 | strategies | INFO | 🎯 Sniping opportunity: NO at 0.560518271613586766 (edge: 0.0405)
2026-03-21 18:04:53,057 | utils | INFO | SNIPE: NO | Price: 0.5605 | Edge: 0.0405
2026-03-21 18:04:53,057 | polymarket | INFO | DRY RUN: Would place NO order for 540816 at 0.560518271613586766 size 20.0
2026-03-21 18:04:53,057 | utils | INFO | TRADE EXECUTED: SNIPE | Market: 540816 | Size: 20.0 | Expected P&L: N/A
2026-03-21 18:04:53,692 | strategies | INFO | 🎯 Sniping opportunity: YES at 0.56241792756763399 (edge: 0.0424)
2026-03-21 18:04:53,692 | utils | INFO | SNIPE: YES | Price: 0.5624 | Edge: 0.0424
2026-03-21 18:04:53,692 | polymarket | INFO | DRY RUN: Would place YES order for 540817 at 0.56241792756763399 size 20.0
2026-03-21 18:04:53,693 | utils | INFO | TRADE EXECUTED: SNIPE | Market: 540817 | Size: 20.0 | Expected P&L: N/A
2026-03-21 18:04:54,194 | strategies | INFO | 🎯 Sniping opportunity: YES at 0.54938492676308041 (edge: 0.0294)
2026-03-21 18:04:54,194 | utils | INFO | SNIPE: YES | Price: 0.5494 | Edge: 0.0294
2026-03-21 18:04:54,194 | polymarket | INFO | DRY RUN: Would place YES order for 540818 at 0.54938492676308041 size 20.0
2026-03-21 18:04:54,195 | utils | INFO | TRADE EXECUTED: SNIPE | Market: 540818 | Size: 20.0 | Expected P&L: N/A
2026-03-21 18:04:54,830 | strategies | INFO | 🎯 Sniping opportunity: NO at 0.57250873523437305 (edge: 0.0525)
2026-03-21 18:04:54,831 | utils | INFO | SNIPE: NO | Price: 0.5725 | Edge: 0.0525
2026-03-21 18:04:54,831 | polymarket | INFO | DRY RUN: Would place NO order for 540819 at 0.57250873523437305 size 20.0
2026-03-21 18:04:54,831 | utils | INFO | TRADE EXECUTED: SNIPE | Market: 540819 | Size: 20.0 | Expected P&L: N/A
2026-03-21 18:04:58,469 | strategies | INFO | 🎯 Sniping opportunity: NO at 0.59257785011040246 (edge: 0.0726)
2026-03-21 18:04:58,470 | utils | INFO | SNIPE: NO | Price: 0.5926 | Edge: 0.0726
2026-03-21 18:04:58,470 | polymarket | INFO | DRY RUN: Would place NO order for 531202 at 0.59257785011040246 size 20.0
2026-03-21 18:04:58,471 | utils | INFO | TRADE EXECUTED: SNIPE | Market: 531202 | Size: 20.0 | Expected P&L: N/A
2026-03-21 18:04:58,687 | httpx | INFO | HTTP Request: POST https://api.telegram.org/bot7377493035:AAGj7givCiG02bio_4TnVxLxV31fuOUHzqc/getUpdates "HTTP/1.1 200 OK"
2026-03-21 18:04:58,972 | strategies | INFO | 🎯 Sniping opportunity: NO at 0.57560959547053932 (edge: 0.0556)
2026-03-21 18:04:58,972 | utils | INFO | SNIPE: NO | Price: 0.5756 | Edge: 0.0556
2026-03-21 18:04:58,974 | polymarket | INFO | DRY RUN: Would place NO order for 540816 at 0.57560959547053932 size 20.0
2026-03-21 18:04:58,974 | utils | INFO | TRADE EXECUTED: SNIPE | Market: 540816 | Size: 20.0 | Expected P&L: N/A
2026-03-21 18:04:59,609 | strategies | INFO | 🎯 Sniping opportunity: YES at 0.5576128223513123 (edge: 0.0376)
2026-03-21 18:04:59,609 | utils | INFO | SNIPE: YES | Price: 0.5576 | Edge: 0.0376
2026-03-21 18:04:59,609 | polymarket | INFO | DRY RUN: Would place YES order for 540817 at 0.5576128223513123 size 20.0
2026-03-21 18:04:59,609 | utils | INFO | TRADE EXECUTED: SNIPE | Market: 540817 | Size: 20.0 | Expected P&L: N/A
2026-03-21 18:05:00,110 | strategies | INFO | 🎯 Sniping opportunity: YES at 0.54168429194594934 (edge: 0.0217)
2026-03-21 18:05:00,111 | utils | INFO | SNIPE: YES | Price: 0.5417 | Edge: 0.0217
2026-03-21 18:05:00,111 | polymarket | INFO | DRY RUN: Would place YES order for 540818 at 0.54168429194594934 size 20.0
2026-03-21 18:05:00,111 | utils | INFO | TRADE EXECUTED: SNIPE | Market: 540818 | Size: 20.0 | Expected P&L: N/A
2026-03-21 18:05:03,916 | strategies | INFO | 🎯 Sniping opportunity: YES at 0.549574434733476707 (edge: 0.0296)
2026-03-21 18:05:03,916 | utils | INFO | SNIPE: YES | Price: 0.5496 | Edge: 0.0296
2026-03-21 18:05:03,917 | polymarket | INFO | DRY RUN: Would place YES order for 531202 at 0.549574434733476707 size 20.0
2026-03-21 18:05:03,917 | utils | INFO | TRADE EXECUTED: SNIPE | Market: 531202 | Size: 20.0 | Expected P&L: N/A
2026-03-21 18:05:04,418 | strategies | INFO | 🎯 Sniping opportunity: YES at 0.571309402761411244 (edge: 0.0513)
2026-03-21 18:05:04,418 | utils | INFO | SNIPE: YES | Price: 0.5713 | Edge: 0.0513
2026-03-21 18:05:04,418 | polymarket | INFO | DRY RUN: Would place YES order for 540816 at 0.571309402761411244 size 20.0
2026-03-21 18:05:04,418 | utils | INFO | TRADE EXECUTED: SNIPE | Market: 540816 | Size: 20.0 | Expected P&L: N/A
2026-03-21 18:05:05,057 | strategies | INFO | 🎯 Sniping opportunity: YES at 0.57400558611295683 (edge: 0.0540)
2026-03-21 18:05:05,058 | utils | INFO | SNIPE: YES | Price: 0.5740 | Edge: 0.0540
2026-03-21 18:05:05,058 | polymarket | INFO | DRY RUN: Would place YES order for 540817 at 0.57400558611295683 size 20.0
2026-03-21 18:05:05,058 | utils | INFO | TRADE EXECUTED: SNIPE | Market: 540817 | Size: 20.0 | Expected P&L: N/A
2026-03-21 18:05:05,559 | strategies | INFO | 🎯 Sniping opportunity: YES at 0.55631611062892545 (edge: 0.0363)
2026-03-21 18:05:05,560 | utils | INFO | SNIPE: YES | Price: 0.5563 | Edge: 0.0363
2026-03-21 18:05:05,560 | polymarket | INFO | DRY RUN: Would place YES order for 540818 at 0.55631611062892545 size 20.0
2026-03-21 18:05:05,560 | utils | INFO | TRADE EXECUTED: SNIPE | Market: 540818 | Size: 20.0 | Expected P&L: N/A
2026-03-21 18:05:06,197 | strategies | INFO | 🎯 Sniping opportunity: YES at 0.581047593077409784 (edge: 0.0610)
2026-03-21 18:05:06,197 | utils | INFO | SNIPE: YES | Price: 0.5810 | Edge: 0.0610
2026-03-21 18:05:06,197 | polymarket | INFO | DRY RUN: Would place YES order for 540819 at 0.581047593077409784 size 20.0
2026-03-21 18:05:06,197 | utils | INFO | TRADE EXECUTED: SNIPE | Market: 540819 | Size: 20.0 | Expected P&L: N/A
2026-03-21 18:05:08,859 | httpx | INFO | HTTP Request: POST https://api.telegram.org/bot7377493035:AAGj7givCiG02bio_4TnVxLxV31fuOUHzqc/getUpdates "HTTP/1.1 200 OK"
2026-03-21 18:05:09,835 | __main__ | ERROR | Error processing market 531202: 'edge'
2026-03-21 18:05:09,835 | strategies | INFO | 🎯 Sniping opportunity: YES at 0.56387575340613151 (edge: 0.0439)
2026-03-21 18:05:09,835 | utils | INFO | SNIPE: YES | Price: 0.5639 | Edge: 0.0439
2026-03-21 18:05:09,835 | polymarket | INFO | DRY RUN: Would place YES order for 540816 at 0.56387575340613151 size 20.0
2026-03-21 18:05:09,835 | utils | INFO | TRADE EXECUTED: SNIPE | Market: 540816 | Size: 20.0 | Expected P&L: N/A
2026-03-21 18:05:10,336 | strategies | INFO | 🎯 Sniping opportunity: NO at 0.558459266870077884 (edge: 0.0385)
2026-03-21 18:05:10,337 | utils | INFO | SNIPE: NO | Price: 0.5585 | Edge: 0.0385
2026-03-21 18:05:10,337 | polymarket | INFO | DRY RUN: Would place NO order for 540818 at 0.558459266870077884 size 20.0
2026-03-21 18:05:10,337 | utils | INFO | TRADE EXECUTED: SNIPE | Market: 540818 | Size: 20.0 | Expected P&L: N/A
2026-03-21 18:05:14,113 | strategies | INFO | 🎯 Sniping opportunity: YES at 0.561710829538643746 (edge: 0.0417)
2026-03-21 18:05:14,113 | utils | INFO | SNIPE: YES | Price: 0.5617 | Edge: 0.0417
2026-03-21 18:05:14,113 | polymarket | INFO | DRY RUN: Would place YES order for 531202 at 0.561710829538643746 size 20.0
2026-03-21 18:05:14,114 | utils | INFO | TRADE EXECUTED: SNIPE | Market: 531202 | Size: 20.0 | Expected P&L: N/A
2026-03-21 18:05:14,615 | strategies | INFO | 🎯 Sniping opportunity: NO at 0.549028091157286537 (edge: 0.0290)
2026-03-21 18:05:14,615 | utils | INFO | SNIPE: NO | Price: 0.5490 | Edge: 0.0290
2026-03-21 18:05:14,615 | polymarket | INFO | DRY RUN: Would place NO order for 540816 at 0.549028091157286537 size 20.0
2026-03-21 18:05:14,615 | utils | INFO | TRADE EXECUTED: SNIPE | Market: 540816 | Size: 20.0 | Expected P&L: N/A
2026-03-21 18:05:15,251 | strategies | INFO | 🎯 Sniping opportunity: NO at 0.553653214974959975 (edge: 0.0337)
2026-03-21 18:05:15,251 | utils | INFO | SNIPE: NO | Price: 0.5537 | Edge: 0.0337
2026-03-21 18:05:15,251 | polymarket | INFO | DRY RUN: Would place NO order for 540818 at 0.553653214974959975 size 20.0
2026-03-21 18:05:15,251 | utils | INFO | TRADE EXECUTED: SNIPE | Market: 540818 | Size: 20.0 | Expected P&L: N/A
2026-03-21 18:05:15,752 | strategies | INFO | 🎯 Sniping opportunity: YES at 0.60506755871983412 (edge: 0.0851)
2026-03-21 18:05:15,752 | utils | INFO | SNIPE: YES | Price: 0.6051 | Edge: 0.0851
2026-03-21 18:05:15,752 | polymarket | INFO | DRY RUN: Would place YES order for 540819 at 0.60506755871983412 size 20.0
2026-03-21 18:05:15,752 | utils | INFO | TRADE EXECUTED: SNIPE | Market: 540819 | Size: 20.0 | Expected P&L: N/A
2026-03-21 18:05:19,031 | httpx | INFO | HTTP Request: POST https://api.telegram.org/bot7377493035:AAGj7givCiG02bio_4TnVxLxV31fuOUHzqc/getUpdates "HTTP/1.1 200 OK"
2026-03-21 18:05:19,390 | strategies | INFO | 🎯 Sniping opportunity: NO at 0.54945929902917814 (edge: 0.0295)
2026-03-21 18:05:19,390 | utils | INFO | SNIPE: NO | Price: 0.5495 | Edge: 0.0295
2026-03-21 18:05:19,391 | polymarket | INFO | DRY RUN: Would place NO order for 531202 at 0.54945929902917814 size 20.0
2026-03-21 18:05:19,391 | utils | INFO | TRADE EXECUTED: SNIPE | Market: 531202 | Size: 20.0 | Expected P&L: N/A
2026-03-21 18:05:19,892 | strategies | INFO | 🎯 Sniping opportunity: NO at 0.555919002533496294 (edge: 0.0359)
2026-03-21 18:05:19,892 | utils | INFO | SNIPE: NO | Price: 0.5559 | Edge: 0.0359
2026-03-21 18:05:19,892 | polymarket | INFO | DRY RUN: Would place NO order for 540816 at 0.555919002533496294 size 20.0
2026-03-21 18:05:19,892 | utils | INFO | TRADE EXECUTED: SNIPE | Market: 540816 | Size: 20.0 | Expected P&L: N/A
2026-03-21 18:05:20,529 | strategies | INFO | 🎯 Sniping opportunity: YES at 0.61899620982260576 (edge: 0.0990)
2026-03-21 18:05:20,529 | utils | INFO | SNIPE: YES | Price: 0.6190 | Edge: 0.0990
2026-03-21 18:05:20,529 | polymarket | INFO | DRY RUN: Would place YES order for 540818 at 0.61899620982260576 size 20.0
2026-03-21 18:05:20,530 | utils | INFO | TRADE EXECUTED: SNIPE | Market: 540818 | Size: 20.0 | Expected P&L: N/A
2026-03-21 18:05:21,031 | __main__ | ERROR | Error processing market 540819: 'edge'
2026-03-21 18:05:24,169 | strategies | INFO | 🎯 Sniping opportunity: NO at 0.58119870786452511 (edge: 0.0612)
2026-03-21 18:05:24,170 | utils | INFO | SNIPE: NO | Price: 0.5812 | Edge: 0.0612
2026-03-21 18:05:24,170 | polymarket | INFO | DRY RUN: Would place NO order for 531202 at 0.58119870786452511 size 20.0
2026-03-21 18:05:24,170 | utils | INFO | TRADE EXECUTED: SNIPE | Market: 531202 | Size: 20.0 | Expected P&L: N/A
2026-03-21 18:05:24,671 | strategies | INFO | 🎯 Sniping opportunity: NO at 0.557849189864718594 (edge: 0.0378)
2026-03-21 18:05:24,671 | utils | INFO | SNIPE: NO | Price: 0.5578 | Edge: 0.0378
2026-03-21 18:05:24,671 | polymarket | INFO | DRY RUN: Would place NO order for 540816 at 0.557849189864718594 size 20.0
2026-03-21 18:05:24,671 | utils | INFO | TRADE EXECUTED: SNIPE | Market: 540816 | Size: 20.0 | Expected P&L: N/A
2026-03-21 18:05:25,309 | strategies | INFO | 🎯 Sniping opportunity: YES at 0.59245494962160709 (edge: 0.0725)
2026-03-21 18:05:25,309 | utils | INFO | SNIPE: YES | Price: 0.5925 | Edge: 0.0725
2026-03-21 18:05:25,309 | polymarket | INFO | DRY RUN: Would place YES order for 540817 at 0.59245494962160709 size 20.0
2026-03-21 18:05:25,310 | utils | INFO | TRADE EXECUTED: SNIPE | Market: 540817 | Size: 20.0 | Expected P&L: N/A
2026-03-21 18:05:25,811 | strategies | INFO | 🎯 Sniping opportunity: NO at 0.55901239694819641 (edge: 0.0390)
2026-03-21 18:05:25,811 | utils | INFO | SNIPE: NO | Price: 0.5590 | Edge: 0.0390
2026-03-21 18:05:25,811 | polymarket | INFO | DRY RUN: Would place NO order for 540818 at 0.55901239694819641 size 20.0
2026-03-21 18:05:25,811 | utils | INFO | TRADE EXECUTED: SNIPE | Market: 540818 | Size: 20.0 | Expected P&L: N/A
2026-03-21 18:05:26,448 | strategies | INFO | 🎯 Sniping opportunity: YES at 0.560122967305344454 (edge: 0.0401)
2026-03-21 18:05:26,448 | utils | INFO | SNIPE: YES | Price: 0.5601 | Edge: 0.0401
2026-03-21 18:05:26,448 | polymarket | INFO | DRY RUN: Would place YES order for 540819 at 0.560122967305344454 size 20.0
2026-03-21 18:05:26,449 | utils | INFO | TRADE EXECUTED: SNIPE | Market: 540819 | Size: 20.0 | Expected P&L: N/A
2026-03-21 18:05:29,209 | httpx | INFO | HTTP Request: POST https://api.telegram.org/bot7377493035:AAGj7givCiG02bio_4TnVxLxV31fuOUHzqc/getUpdates "HTTP/1.1 200 OK"
2026-03-21 18:05:30,089 | strategies | INFO | 🎯 Sniping opportunity: NO at 0.60626626208462862 (edge: 0.0863)
2026-03-21 18:05:30,089 | utils | INFO | SNIPE: NO | Price: 0.6063 | Edge: 0.0863
2026-03-21 18:05:30,090 | polymarket | INFO | DRY RUN: Would place NO order for 531202 at 0.60626626208462862 size 20.0
2026-03-21 18:05:30,090 | utils | INFO | TRADE EXECUTED: SNIPE | Market: 531202 | Size: 20.0 | Expected P&L: N/A
2026-03-21 18:05:30,591 | strategies | INFO | 🎯 Sniping opportunity: YES at 0.60666325456707949 (edge: 0.0867)
2026-03-21 18:05:30,592 | utils | INFO | SNIPE: YES | Price: 0.6067 | Edge: 0.0867
2026-03-21 18:05:30,592 | polymarket | INFO | DRY RUN: Would place YES order for 540817 at 0.60666325456707949 size 20.0
2026-03-21 18:05:30,592 | utils | INFO | TRADE EXECUTED: SNIPE | Market: 540817 | Size: 20.0 | Expected P&L: N/A
2026-03-21 18:05:31,226 | strategies | INFO | 🎯 Sniping opportunity: YES at 0.61086042500322764 (edge: 0.0909)
2026-03-21 18:05:31,227 | utils | INFO | SNIPE: YES | Price: 0.6109 | Edge: 0.0909
2026-03-21 18:05:31,227 | polymarket | INFO | DRY RUN: Would place YES order for 540818 at 0.61086042500322764 size 20.0
2026-03-21 18:05:31,227 | utils | INFO | TRADE EXECUTED: SNIPE | Market: 540818 | Size: 20.0 | Expected P&L: N/A
2026-03-21 18:05:31,728 | strategies | INFO | 🎯 Sniping opportunity: YES at 0.61258932103374676 (edge: 0.0926)
2026-03-21 18:05:31,728 | utils | INFO | SNIPE: YES | Price: 0.6126 | Edge: 0.0926
2026-03-21 18:05:31,728 | polymarket | INFO | DRY RUN: Would place YES order for 540819 at 0.61258932103374676 size 20.0
2026-03-21 18:05:31,728 | utils | INFO | TRADE EXECUTED: SNIPE | Market: 540819 | Size: 20.0 | Expected P&L: N/A
2026-03-21 18:05:35,369 | strategies | INFO | 🎯 Sniping opportunity: YES at 0.60649412697229361 (edge: 0.0865)
2026-03-21 18:05:35,370 | utils | INFO | SNIPE: YES | Price: 0.6065 | Edge: 0.0865
2026-03-21 18:05:35,370 | polymarket | INFO | DRY RUN: Would place YES order for 531202 at 0.60649412697229361 size 20.0
2026-03-21 18:05:35,370 | utils | INFO | TRADE EXECUTED: SNIPE | Market: 531202 | Size: 20.0 | Expected P&L: N/A
2026-03-21 18:05:35,871 | strategies | INFO | 🎯 Sniping opportunity: YES at 0.558452772931700074 (edge: 0.0385)
2026-03-21 18:05:35,871 | utils | INFO | SNIPE: YES | Price: 0.5585 | Edge: 0.0385
2026-03-21 18:05:35,871 | polymarket | INFO | DRY RUN: Would place YES order for 540817 at 0.558452772931700074 size 20.0
2026-03-21 18:05:35,871 | utils | INFO | TRADE EXECUTED: SNIPE | Market: 540817 | Size: 20.0 | Expected P&L: N/A
2026-03-21 18:05:36,509 | strategies | INFO | 🎯 Sniping opportunity: NO at 0.553017004852786844 (edge: 0.0330)
2026-03-21 18:05:36,509 | utils | INFO | SNIPE: NO | Price: 0.5530 | Edge: 0.0330
2026-03-21 18:05:36,509 | polymarket | INFO | DRY RUN: Would place NO order for 540819 at 0.553017004852786844 size 20.0
2026-03-21 18:05:36,509 | utils | INFO | TRADE EXECUTED: SNIPE | Market: 540819 | Size: 20.0 | Expected P&L: N/A
2026-03-21 18:05:39,391 | httpx | INFO | HTTP Request: POST https://api.telegram.org/bot7377493035:AAGj7givCiG02bio_4TnVxLxV31fuOUHzqc/getUpdates "HTTP/1.1 200 OK"
2026-03-21 18:05:40,149 | strategies | INFO | 🎯 Sniping opportunity: NO at 0.60627780298923265 (edge: 0.0863)
2026-03-21 18:05:40,149 | utils | INFO | SNIPE: NO | Price: 0.6063 | Edge: 0.0863
2026-03-21 18:05:40,149 | polymarket | INFO | DRY RUN: Would place NO order for 531202 at 0.60627780298923265 size 20.0
2026-03-21 18:05:40,149 | utils | INFO | TRADE EXECUTED: SNIPE | Market: 531202 | Size: 20.0 | Expected P&L: N/A
2026-03-21 18:05:40,650 | strategies | INFO | 🎯 Sniping opportunity: YES at 0.6102839782948508 (edge: 0.0903)
2026-03-21 18:05:40,650 | utils | INFO | SNIPE: YES | Price: 0.6103 | Edge: 0.0903
2026-03-21 18:05:40,650 | polymarket | INFO | DRY RUN: Would place YES order for 540816 at 0.6102839782948508 size 20.0
2026-03-21 18:05:40,650 | utils | INFO | TRADE EXECUTED: SNIPE | Market: 540816 | Size: 20.0 | Expected P&L: N/A
2026-03-21 18:05:41,285 | strategies | INFO | 🎯 Sniping opportunity: YES at 0.548496787903567744 (edge: 0.0285)
2026-03-21 18:05:41,285 | utils | INFO | SNIPE: YES | Price: 0.5485 | Edge: 0.0285
2026-03-21 18:05:41,285 | polymarket | INFO | DRY RUN: Would place YES order for 540817 at 0.548496787903567744 size 20.0
2026-03-21 18:05:41,285 | utils | INFO | TRADE EXECUTED: SNIPE | Market: 540817 | Size: 20.0 | Expected P&L: N/A
2026-03-21 18:05:41,786 | strategies | INFO | 🎯 Sniping opportunity: NO at 0.58456204960124295 (edge: 0.0646)
2026-03-21 18:05:41,787 | utils | INFO | SNIPE: NO | Price: 0.5846 | Edge: 0.0646
2026-03-21 18:05:41,787 | polymarket | INFO | DRY RUN: Would place NO order for 540818 at 0.58456204960124295 size 20.0
2026-03-21 18:05:41,787 | utils | INFO | TRADE EXECUTED: SNIPE | Market: 540818 | Size: 20.0 | Expected P&L: N/A
2026-03-21 18:05:42,425 | strategies | INFO | 🎯 Sniping opportunity: YES at 0.61443349621690864 (edge: 0.0944)
2026-03-21 18:05:42,426 | utils | INFO | SNIPE: YES | Price: 0.6144 | Edge: 0.0944
2026-03-21 18:05:42,426 | polymarket | INFO | DRY RUN: Would place YES order for 540819 at 0.61443349621690864 size 20.0
2026-03-21 18:05:42,427 | utils | INFO | TRADE EXECUTED: SNIPE | Market: 540819 | Size: 20.0 | Expected P&L: N/A
2026-03-21 18:05:46,067 | __main__ | ERROR | Error processing market 540816: 'edge'
2026-03-21 18:05:46,068 | strategies | INFO | 🎯 Sniping opportunity: YES at 0.56254872544047866 (edge: 0.0425)
2026-03-21 18:05:46,068 | utils | INFO | SNIPE: YES | Price: 0.5625 | Edge: 0.0425
2026-03-21 18:05:46,068 | polymarket | INFO | DRY RUN: Would place YES order for 540817 at 0.56254872544047866 size 20.0
2026-03-21 18:05:46,068 | utils | INFO | TRADE EXECUTED: SNIPE | Market: 540817 | Size: 20.0 | Expected P&L: N/A
2026-03-21 18:05:46,569 | strategies | INFO | 🎯 Sniping opportunity: YES at 0.543972185405765692 (edge: 0.0240)
2026-03-21 18:05:46,570 | utils | INFO | SNIPE: YES | Price: 0.5440 | Edge: 0.0240
2026-03-21 18:05:46,570 | polymarket | INFO | DRY RUN: Would place YES order for 540819 at 0.543972185405765692 size 20.0
2026-03-21 18:05:46,570 | utils | INFO | TRADE EXECUTED: SNIPE | Market: 540819 | Size: 20.0 | Expected P&L: N/A
2026-03-21 18:05:49,578 | httpx | INFO | HTTP Request: POST https://api.telegram.org/bot7377493035:AAGj7givCiG02bio_4TnVxLxV31fuOUHzqc/getUpdates "HTTP/1.1 200 OK"
2026-03-21 18:05:50,207 | strategies | INFO | 🎯 Sniping opportunity: YES at 0.55622484919235594 (edge: 0.0362)
2026-03-21 18:05:50,208 | utils | INFO | SNIPE: YES | Price: 0.5562 | Edge: 0.0362
2026-03-21 18:05:50,208 | polymarket | INFO | DRY RUN: Would place YES order for 531202 at 0.55622484919235594 size 20.0
2026-03-21 18:05:50,208 | utils | INFO | TRADE EXECUTED: SNIPE | Market: 531202 | Size: 20.0 | Expected P&L: N/A
2026-03-21 18:05:50,709 | strategies | INFO | 🎯 Sniping opportunity: NO at 0.57441850719459729 (edge: 0.0544)
2026-03-21 18:05:50,709 | utils | INFO | SNIPE: NO | Price: 0.5744 | Edge: 0.0544
2026-03-21 18:05:50,709 | polymarket | INFO | DRY RUN: Would place NO order for 540816 at 0.57441850719459729 size 20.0
2026-03-21 18:05:50,709 | utils | INFO | TRADE EXECUTED: SNIPE | Market: 540816 | Size: 20.0 | Expected P&L: N/A
2026-03-21 18:05:51,344 | strategies | INFO | 🎯 Sniping opportunity: YES at 0.61689329402984287 (edge: 0.0969)
2026-03-21 18:05:51,344 | utils | INFO | SNIPE: YES | Price: 0.6169 | Edge: 0.0969
2026-03-21 18:05:51,344 | polymarket | INFO | DRY RUN: Would place YES order for 540818 at 0.61689329402984287 size 20.0
2026-03-21 18:05:51,344 | utils | INFO | TRADE EXECUTED: SNIPE | Market: 540818 | Size: 20.0 | Expected P&L: N/A
2026-03-21 18:05:51,845 | strategies | INFO | 🎯 Sniping opportunity: NO at 0.56862593754561531 (edge: 0.0486)
2026-03-21 18:05:51,846 | utils | INFO | SNIPE: NO | Price: 0.5686 | Edge: 0.0486
2026-03-21 18:05:51,846 | polymarket | INFO | DRY RUN: Would place NO order for 540819 at 0.56862593754561531 size 20.0
2026-03-21 18:05:51,846 | utils | INFO | TRADE EXECUTED: SNIPE | Market: 540819 | Size: 20.0 | Expected P&L: N/A
2026-03-21 18:05:55,485 | strategies | INFO | 🎯 Sniping opportunity: YES at 0.59495281873757473 (edge: 0.0750)
2026-03-21 18:05:55,485 | utils | INFO | SNIPE: YES | Price: 0.5950 | Edge: 0.0750
2026-03-21 18:05:55,485 | polymarket | INFO | DRY RUN: Would place YES order for 531202 at 0.59495281873757473 size 20.0
2026-03-21 18:05:55,485 | utils | INFO | TRADE EXECUTED: SNIPE | Market: 531202 | Size: 20.0 | Expected P&L: N/A
2026-03-21 18:05:55,986 | strategies | INFO | 🎯 Sniping opportunity: YES at 0.540128925932734035 (edge: 0.0201)
2026-03-21 18:05:55,987 | utils | INFO | SNIPE: YES | Price: 0.5401 | Edge: 0.0201
2026-03-21 18:05:55,987 | polymarket | INFO | DRY RUN: Would place YES order for 540816 at 0.540128925932734035 size 20.0
2026-03-21 18:05:55,987 | utils | INFO | TRADE EXECUTED: SNIPE | Market: 540816 | Size: 20.0 | Expected P&L: N/A
2026-03-21 18:05:56,624 | strategies | INFO | 🎯 Sniping opportunity: NO at 0.61280638639330199 (edge: 0.0928)
2026-03-21 18:05:56,624 | utils | INFO | SNIPE: NO | Price: 0.6128 | Edge: 0.0928
2026-03-21 18:05:56,624 | polymarket | INFO | DRY RUN: Would place NO order for 540817 at 0.61280638639330199 size 20.0
2026-03-21 18:05:56,624 | utils | INFO | TRADE EXECUTED: SNIPE | Market: 540817 | Size: 20.0 | Expected P&L: N/A
2026-03-21 18:05:57,125 | strategies | INFO | 🎯 Sniping opportunity: YES at 0.54449552183507915 (edge: 0.0245)
2026-03-21 18:05:57,126 | utils | INFO | SNIPE: YES | Price: 0.5445 | Edge: 0.0245
2026-03-21 18:05:57,126 | polymarket | INFO | DRY RUN: Would place YES order for 540818 at 0.54449552183507915 size 20.0
2026-03-21 18:05:57,126 | utils | INFO | TRADE EXECUTED: SNIPE | Market: 540818 | Size: 20.0 | Expected P&L: N/A
2026-03-21 18:05:57,761 | strategies | INFO | 🎯 Sniping opportunity: YES at 0.59084303595959118 (edge: 0.0708)
2026-03-21 18:05:57,761 | utils | INFO | SNIPE: YES | Price: 0.5908 | Edge: 0.0708
2026-03-21 18:05:57,761 | polymarket | INFO | DRY RUN: Would place YES order for 540819 at 0.59084303595959118 size 20.0
2026-03-21 18:05:57,761 | utils | INFO | TRADE EXECUTED: SNIPE | Market: 540819 | Size: 20.0 | Expected P&L: N/A
2026-03-21 18:05:59,751 | httpx | INFO | HTTP Request: POST https://api.telegram.org/bot7377493035:AAGj7givCiG02bio_4TnVxLxV31fuOUHzqc/getUpdates "HTTP/1.1 200 OK"
2026-03-21 18:06:01,400 | __main__ | ERROR | Error processing market 531202: 'edge'
2026-03-21 18:06:01,400 | strategies | INFO | 🎯 Sniping opportunity: NO at 0.5929210166904212 (edge: 0.0729)
2026-03-21 18:06:01,401 | utils | INFO | SNIPE: NO | Price: 0.5929 | Edge: 0.0729
2026-03-21 18:06:01,401 | polymarket | INFO | DRY RUN: Would place NO order for 540816 at 0.5929210166904212 size 20.0
2026-03-21 18:06:01,401 | utils | INFO | TRADE EXECUTED: SNIPE | Market: 540816 | Size: 20.0 | Expected P&L: N/A
2026-03-21 18:06:01,902 | strategies | INFO | 🎯 Sniping opportunity: YES at 0.60447432027305027 (edge: 0.0845)
2026-03-21 18:06:01,902 | utils | INFO | SNIPE: YES | Price: 0.6045 | Edge: 0.0845
2026-03-21 18:06:01,902 | polymarket | INFO | DRY RUN: Would place YES order for 540817 at 0.60447432027305027 size 20.0
2026-03-21 18:06:01,903 | utils | INFO | TRADE EXECUTED: SNIPE | Market: 540817 | Size: 20.0 | Expected P&L: N/A
2026-03-21 18:06:02,542 | strategies | INFO | 🎯 Sniping opportunity: NO at 0.5419785046196678 (edge: 0.0220)
2026-03-21 18:06:02,542 | utils | INFO | SNIPE: NO | Price: 0.5420 | Edge: 0.0220
2026-03-21 18:06:02,542 | polymarket | INFO | DRY RUN: Would place NO order for 540818 at 0.5419785046196678 size 20.0
2026-03-21 18:06:02,542 | utils | INFO | TRADE EXECUTED: SNIPE | Market: 540818 | Size: 20.0 | Expected P&L: N/A
2026-03-21 18:06:03,043 | strategies | INFO | 🎯 Sniping opportunity: NO at 0.61526712810903218 (edge: 0.0953)
2026-03-21 18:06:03,044 | utils | INFO | SNIPE: NO | Price: 0.6153 | Edge: 0.0953
2026-03-21 18:06:03,044 | polymarket | INFO | DRY RUN: Would place NO order for 540819 at 0.61526712810903218 size 20.0
2026-03-21 18:06:03,044 | utils | INFO | TRADE EXECUTED: SNIPE | Market: 540819 | Size: 20.0 | Expected P&L: N/A
2026-03-21 18:06:06,686 | strategies | INFO | 🎯 Sniping opportunity: NO at 0.58872297227206792 (edge: 0.0687)
2026-03-21 18:06:06,686 | utils | INFO | SNIPE: NO | Price: 0.5887 | Edge: 0.0687
2026-03-21 18:06:06,686 | polymarket | INFO | DRY RUN: Would place NO order for 531202 at 0.58872297227206792 size 20.0
2026-03-21 18:06:06,686 | utils | INFO | TRADE EXECUTED: SNIPE | Market: 531202 | Size: 20.0 | Expected P&L: N/A
2026-03-21 18:06:07,187 | strategies | INFO | 🎯 Sniping opportunity: NO at 0.55908517460742511 (edge: 0.0391)
2026-03-21 18:06:07,187 | utils | INFO | SNIPE: NO | Price: 0.5591 | Edge: 0.0391
2026-03-21 18:06:07,187 | polymarket | INFO | DRY RUN: Would place NO order for 540816 at 0.55908517460742511 size 20.0
2026-03-21 18:06:07,187 | utils | INFO | TRADE EXECUTED: SNIPE | Market: 540816 | Size: 20.0 | Expected P&L: N/A
2026-03-21 18:06:07,821 | strategies | INFO | 🎯 Sniping opportunity: YES at 0.55158170960233722 (edge: 0.0316)
2026-03-21 18:06:07,822 | utils | INFO | SNIPE: YES | Price: 0.5516 | Edge: 0.0316
2026-03-21 18:06:07,822 | polymarket | INFO | DRY RUN: Would place YES order for 540817 at 0.55158170960233722 size 20.0
2026-03-21 18:06:07,822 | utils | INFO | TRADE EXECUTED: SNIPE | Market: 540817 | Size: 20.0 | Expected P&L: N/A
2026-03-21 18:06:08,323 | strategies | INFO | 🎯 Sniping opportunity: YES at 0.55507136299624311 (edge: 0.0351)
2026-03-21 18:06:08,323 | utils | INFO | SNIPE: YES | Price: 0.5551 | Edge: 0.0351
2026-03-21 18:06:08,323 | polymarket | INFO | DRY RUN: Would place YES order for 540818 at 0.55507136299624311 size 20.0
2026-03-21 18:06:08,324 | utils | INFO | TRADE EXECUTED: SNIPE | Market: 540818 | Size: 20.0 | Expected P&L: N/A
2026-03-21 18:06:08,958 | strategies | INFO | 🎯 Sniping opportunity: NO at 0.58692485084213509 (edge: 0.0669)
2026-03-21 18:06:08,958 | utils | INFO | SNIPE: NO | Price: 0.5869 | Edge: 0.0669
2026-03-21 18:06:08,959 | polymarket | INFO | DRY RUN: Would place NO order for 540819 at 0.58692485084213509 size 20.0
2026-03-21 18:06:08,959 | utils | INFO | TRADE EXECUTED: SNIPE | Market: 540819 | Size: 20.0 | Expected P&L: N/A
2026-03-21 18:06:09,934 | httpx | INFO | HTTP Request: POST https://api.telegram.org/bot7377493035:AAGj7givCiG02bio_4TnVxLxV31fuOUHzqc/getUpdates "HTTP/1.1 200 OK"
2026-03-21 18:06:12,597 | strategies | INFO | 🎯 Sniping opportunity: YES at 0.543000095873748988 (edge: 0.0230)
2026-03-21 18:06:12,597 | utils | INFO | SNIPE: YES | Price: 0.5430 | Edge: 0.0230
2026-03-21 18:06:12,597 | polymarket | INFO | DRY RUN: Would place YES order for 531202 at 0.543000095873748988 size 20.0
2026-03-21 18:06:12,597 | utils | INFO | TRADE EXECUTED: SNIPE | Market: 531202 | Size: 20.0 | Expected P&L: N/A
2026-03-21 18:06:13,098 | strategies | INFO | 🎯 Sniping opportunity: NO at 0.554343890719420664 (edge: 0.0343)
2026-03-21 18:06:13,099 | utils | INFO | SNIPE: NO | Price: 0.5543 | Edge: 0.0343
2026-03-21 18:06:13,099 | polymarket | INFO | DRY RUN: Would place NO order for 540817 at 0.554343890719420664 size 20.0
2026-03-21 18:06:13,099 | utils | INFO | TRADE EXECUTED: SNIPE | Market: 540817 | Size: 20.0 | Expected P&L: N/A
2026-03-21 18:06:13,734 | strategies | INFO | 🎯 Sniping opportunity: NO at 0.54606228352011833 (edge: 0.0261)
2026-03-21 18:06:13,735 | utils | INFO | SNIPE: NO | Price: 0.5461 | Edge: 0.0261
2026-03-21 18:06:13,735 | polymarket | INFO | DRY RUN: Would place NO order for 540818 at 0.54606228352011833 size 20.0
2026-03-21 18:06:13,735 | utils | INFO | TRADE EXECUTED: SNIPE | Market: 540818 | Size: 20.0 | Expected P&L: N/A
2026-03-21 18:06:14,236 | strategies | INFO | 🎯 Sniping opportunity: NO at 0.6189802448492399 (edge: 0.0990)
2026-03-21 18:06:14,236 | utils | INFO | SNIPE: NO | Price: 0.6190 | Edge: 0.0990
2026-03-21 18:06:14,236 | polymarket | INFO | DRY RUN: Would place NO order for 540819 at 0.6189802448492399 size 20.0
2026-03-21 18:06:14,237 | utils | INFO | TRADE EXECUTED: SNIPE | Market: 540819 | Size: 20.0 | Expected P&L: N/A
2026-03-21 18:06:17,876 | strategies | INFO | 🎯 Sniping opportunity: NO at 0.59604053871428312 (edge: 0.0760)
2026-03-21 18:06:17,876 | utils | INFO | SNIPE: NO | Price: 0.5960 | Edge: 0.0760
2026-03-21 18:06:17,876 | polymarket | INFO | DRY RUN: Would place NO order for 531202 at 0.59604053871428312 size 20.0
2026-03-21 18:06:17,876 | utils | INFO | TRADE EXECUTED: SNIPE | Market: 531202 | Size: 20.0 | Expected P&L: N/A
2026-03-21 18:06:18,378 | strategies | INFO | 🎯 Sniping opportunity: YES at 0.58033734368847998 (edge: 0.0603)
2026-03-21 18:06:18,378 | utils | INFO | SNIPE: YES | Price: 0.5803 | Edge: 0.0603
2026-03-21 18:06:18,378 | polymarket | INFO | DRY RUN: Would place YES order for 540817 at 0.58033734368847998 size 20.0
2026-03-21 18:06:18,378 | utils | INFO | TRADE EXECUTED: SNIPE | Market: 540817 | Size: 20.0 | Expected P&L: N/A
2026-03-21 18:06:19,014 | strategies | INFO | 🎯 Sniping opportunity: YES at 0.55352098989159888 (edge: 0.0335)
2026-03-21 18:06:19,015 | utils | INFO | SNIPE: YES | Price: 0.5535 | Edge: 0.0335
2026-03-21 18:06:19,016 | polymarket | INFO | DRY RUN: Would place YES order for 540818 at 0.55352098989159888 size 20.0
2026-03-21 18:06:19,017 | utils | INFO | TRADE EXECUTED: SNIPE | Market: 540818 | Size: 20.0 | Expected P&L: N/A
2026-03-21 18:06:19,518 | strategies | INFO | 🎯 Sniping opportunity: NO at 0.61829032993198239 (edge: 0.0983)
2026-03-21 18:06:19,518 | utils | INFO | SNIPE: NO | Price: 0.6183 | Edge: 0.0983
2026-03-21 18:06:19,518 | polymarket | INFO | DRY RUN: Would place NO order for 540819 at 0.61829032993198239 size 20.0
2026-03-21 18:06:19,518 | utils | INFO | TRADE EXECUTED: SNIPE | Market: 540819 | Size: 20.0 | Expected P&L: N/A
2026-03-21 18:06:20,117 | httpx | INFO | HTTP Request: POST https://api.telegram.org/bot7377493035:AAGj7givCiG02bio_4TnVxLxV31fuOUHzqc/getUpdates "HTTP/1.1 200 OK"
2026-03-21 18:06:23,158 | strategies | INFO | 🎯 Sniping opportunity: NO at 0.61419236157797715 (edge: 0.0942)
2026-03-21 18:06:23,158 | utils | INFO | SNIPE: NO | Price: 0.6142 | Edge: 0.0942
2026-03-21 18:06:23,158 | polymarket | INFO | DRY RUN: Would place NO order for 531202 at 0.61419236157797715 size 20.0
2026-03-21 18:06:23,158 | utils | INFO | TRADE EXECUTED: SNIPE | Market: 531202 | Size: 20.0 | Expected P&L: N/A
2026-03-21 18:06:23,659 | strategies | INFO | 🎯 Sniping opportunity: YES at 0.58776243052015868 (edge: 0.0678)
2026-03-21 18:06:23,660 | utils | INFO | SNIPE: YES | Price: 0.5878 | Edge: 0.0678
2026-03-21 18:06:23,660 | polymarket | INFO | DRY RUN: Would place YES order for 540816 at 0.58776243052015868 size 20.0
2026-03-21 18:06:23,660 | utils | INFO | TRADE EXECUTED: SNIPE | Market: 540816 | Size: 20.0 | Expected P&L: N/A
2026-03-21 18:06:24,294 | strategies | INFO | 🎯 Sniping opportunity: YES at 0.55798733792403902 (edge: 0.0380)
2026-03-21 18:06:24,294 | utils | INFO | SNIPE: YES | Price: 0.5580 | Edge: 0.0380
2026-03-21 18:06:24,295 | polymarket | INFO | DRY RUN: Would place YES order for 540817 at 0.55798733792403902 size 20.0
2026-03-21 18:06:24,295 | utils | INFO | TRADE EXECUTED: SNIPE | Market: 540817 | Size: 20.0 | Expected P&L: N/A
2026-03-21 18:06:24,796 | strategies | INFO | 🎯 Sniping opportunity: YES at 0.58277608708917373 (edge: 0.0628)
2026-03-21 18:06:24,796 | utils | INFO | SNIPE: YES | Price: 0.5828 | Edge: 0.0628
2026-03-21 18:06:24,796 | polymarket | INFO | DRY RUN: Would place YES order for 540818 at 0.58277608708917373 size 20.0
2026-03-21 18:06:24,797 | utils | INFO | TRADE EXECUTED: SNIPE | Market: 540818 | Size: 20.0 | Expected P&L: N/A
2026-03-21 18:06:25,432 | strategies | INFO | 🎯 Sniping opportunity: NO at 0.5849645393805888 (edge: 0.0650)
2026-03-21 18:06:25,432 | utils | INFO | SNIPE: NO | Price: 0.5850 | Edge: 0.0650
2026-03-21 18:06:25,432 | polymarket | INFO | DRY RUN: Would place NO order for 540819 at 0.5849645393805888 size 20.0
2026-03-21 18:06:25,432 | utils | INFO | TRADE EXECUTED: SNIPE | Market: 540819 | Size: 20.0 | Expected P&L: N/A
2026-03-21 18:06:29,071 | strategies | INFO | 🎯 Sniping opportunity: NO at 0.546950614041971452 (edge: 0.0270)
2026-03-21 18:06:29,071 | utils | INFO | SNIPE: NO | Price: 0.5470 | Edge: 0.0270
2026-03-21 18:06:29,072 | polymarket | INFO | DRY RUN: Would place NO order for 540816 at 0.546950614041971452 size 20.0
2026-03-21 18:06:29,072 | utils | INFO | TRADE EXECUTED: SNIPE | Market: 540816 | Size: 20.0 | Expected P&L: N/A
2026-03-21 18:06:29,573 | strategies | INFO | 🎯 Sniping opportunity: YES at 0.61528953950482585 (edge: 0.0953)
2026-03-21 18:06:29,573 | utils | INFO | SNIPE: YES | Price: 0.6153 | Edge: 0.0953
2026-03-21 18:06:29,573 | polymarket | INFO | DRY RUN: Would place YES order for 540818 at 0.61528953950482585 size 20.0
2026-03-21 18:06:29,574 | utils | INFO | TRADE EXECUTED: SNIPE | Market: 540818 | Size: 20.0 | Expected P&L: N/A
2026-03-21 18:06:30,208 | strategies | INFO | 🎯 Sniping opportunity: NO at 0.5680668503206472 (edge: 0.0481)
2026-03-21 18:06:30,208 | utils | INFO | SNIPE: NO | Price: 0.5681 | Edge: 0.0481
2026-03-21 18:06:30,208 | polymarket | INFO | DRY RUN: Would place NO order for 540819 at 0.5680668503206472 size 20.0
2026-03-21 18:06:30,208 | utils | INFO | TRADE EXECUTED: SNIPE | Market: 540819 | Size: 20.0 | Expected P&L: N/A
2026-03-21 18:06:30,289 | httpx | INFO | HTTP Request: POST https://api.telegram.org/bot7377493035:AAGj7givCiG02bio_4TnVxLxV31fuOUHzqc/getUpdates "HTTP/1.1 200 OK"
2026-03-21 18:06:33,846 | strategies | INFO | 🎯 Sniping opportunity: NO at 0.59749107426243794 (edge: 0.0775)
2026-03-21 18:06:33,846 | utils | INFO | SNIPE: NO | Price: 0.5975 | Edge: 0.0775
2026-03-21 18:06:33,847 | polymarket | INFO | DRY RUN: Would place NO order for 531202 at 0.59749107426243794 size 20.0
2026-03-21 18:06:33,847 | utils | INFO | TRADE EXECUTED: SNIPE | Market: 531202 | Size: 20.0 | Expected P&L: N/A
2026-03-21 18:06:34,348 | strategies | INFO | 🎯 Sniping opportunity: NO at 0.5630452807785579 (edge: 0.0430)
2026-03-21 18:06:34,349 | utils | INFO | SNIPE: NO | Price: 0.5630 | Edge: 0.0430
2026-03-21 18:06:34,349 | polymarket | INFO | DRY RUN: Would place NO order for 540816 at 0.5630452807785579 size 20.0
2026-03-21 18:06:34,349 | utils | INFO | TRADE EXECUTED: SNIPE | Market: 540816 | Size: 20.0 | Expected P&L: N/A
2026-03-21 18:06:34,985 | strategies | INFO | 🎯 Sniping opportunity: YES at 0.61228063027117797 (edge: 0.0923)
2026-03-21 18:06:34,985 | utils | INFO | SNIPE: YES | Price: 0.6123 | Edge: 0.0923
2026-03-21 18:06:34,985 | polymarket | INFO | DRY RUN: Would place YES order for 540818 at 0.61228063027117797 size 20.0
2026-03-21 18:06:34,985 | utils | INFO | TRADE EXECUTED: SNIPE | Market: 540818 | Size: 20.0 | Expected P&L: N/A
2026-03-21 18:06:35,486 | strategies | INFO | 🎯 Sniping opportunity: NO at 0.59231034493541054 (edge: 0.0723)
2026-03-21 18:06:35,486 | utils | INFO | SNIPE: NO | Price: 0.5923 | Edge: 0.0723
2026-03-21 18:06:35,487 | polymarket | INFO | DRY RUN: Would place NO order for 540819 at 0.59231034493541054 size 20.0
2026-03-21 18:06:35,487 | utils | INFO | TRADE EXECUTED: SNIPE | Market: 540819 | Size: 20.0 | Expected P&L: N/A
2026-03-21 18:06:39,124 | strategies | INFO | 🎯 Sniping opportunity: NO at 0.6098257078693034 (edge: 0.0898)
2026-03-21 18:06:39,124 | utils | INFO | SNIPE: NO | Price: 0.6098 | Edge: 0.0898
2026-03-21 18:06:39,124 | polymarket | INFO | DRY RUN: Would place NO order for 531202 at 0.6098257078693034 size 20.0
2026-03-21 18:06:39,124 | utils | INFO | TRADE EXECUTED: SNIPE | Market: 531202 | Size: 20.0 | Expected P&L: N/A
2026-03-21 18:06:39,625 | strategies | INFO | 🎯 Sniping opportunity: YES at 0.61485111242032071 (edge: 0.0949)
2026-03-21 18:06:39,626 | utils | INFO | SNIPE: YES | Price: 0.6149 | Edge: 0.0949
2026-03-21 18:06:39,626 | polymarket | INFO | DRY RUN: Would place YES order for 540816 at 0.61485111242032071 size 20.0
2026-03-21 18:06:39,626 | utils | INFO | TRADE EXECUTED: SNIPE | Market: 540816 | Size: 20.0 | Expected P&L: N/A
2026-03-21 18:06:40,263 | strategies | INFO | 🎯 Sniping opportunity: NO at 0.59990101792466926 (edge: 0.0799)
2026-03-21 18:06:40,264 | utils | INFO | SNIPE: NO | Price: 0.5999 | Edge: 0.0799
2026-03-21 18:06:40,264 | polymarket | INFO | DRY RUN: Would place NO order for 540817 at 0.59990101792466926 size 20.0
2026-03-21 18:06:40,264 | utils | INFO | TRADE EXECUTED: SNIPE | Market: 540817 | Size: 20.0 | Expected P&L: N/A
2026-03-21 18:06:40,465 | httpx | INFO | HTTP Request: POST https://api.telegram.org/bot7377493035:AAGj7givCiG02bio_4TnVxLxV31fuOUHzqc/getUpdates "HTTP/1.1 200 OK"
2026-03-21 18:06:40,765 | strategies | INFO | 🎯 Sniping opportunity: YES at 0.540336287990622662 (edge: 0.0203)
2026-03-21 18:06:40,766 | utils | INFO | SNIPE: YES | Price: 0.5403 | Edge: 0.0203
2026-03-21 18:06:40,766 | polymarket | INFO | DRY RUN: Would place YES order for 540818 at 0.540336287990622662 size 20.0
2026-03-21 18:06:40,766 | utils | INFO | TRADE EXECUTED: SNIPE | Market: 540818 | Size: 20.0 | Expected P&L: N/A
2026-03-21 18:06:41,404 | strategies | INFO | 🎯 Sniping opportunity: NO at 0.579476390968491694 (edge: 0.0595)
2026-03-21 18:06:41,409 | utils | INFO | SNIPE: NO | Price: 0.5795 | Edge: 0.0595
2026-03-21 18:06:41,415 | polymarket | INFO | DRY RUN: Would place NO order for 540819 at 0.579476390968491694 size 20.0
2026-03-21 18:06:41,416 | utils | INFO | TRADE EXECUTED: SNIPE | Market: 540819 | Size: 20.0 | Expected P&L: N/A
2026-03-21 18:06:45,056 | strategies | INFO | 🎯 Sniping opportunity: YES at 0.59403985478200173 (edge: 0.0740)
2026-03-21 18:06:45,057 | utils | INFO | SNIPE: YES | Price: 0.5940 | Edge: 0.0740
2026-03-21 18:06:45,057 | polymarket | INFO | DRY RUN: Would place YES order for 531202 at 0.59403985478200173 size 20.0
2026-03-21 18:06:45,057 | utils | INFO | TRADE EXECUTED: SNIPE | Market: 531202 | Size: 20.0 | Expected P&L: N/A
2026-03-21 18:06:45,558 | __main__ | ERROR | Error processing market 540816: 'edge'
2026-03-21 18:06:45,559 | strategies | INFO | 🎯 Sniping opportunity: NO at 0.580891334152591875 (edge: 0.0609)
2026-03-21 18:06:45,559 | utils | INFO | SNIPE: NO | Price: 0.5809 | Edge: 0.0609
2026-03-21 18:06:45,559 | polymarket | INFO | DRY RUN: Would place NO order for 540817 at 0.580891334152591875 size 20.0
2026-03-21 18:06:45,559 | utils | INFO | TRADE EXECUTED: SNIPE | Market: 540817 | Size: 20.0 | Expected P&L: N/A
2026-03-21 18:06:46,195 | strategies | INFO | 🎯 Sniping opportunity: YES at 0.54488356939129685 (edge: 0.0249)
2026-03-21 18:06:46,195 | utils | INFO | SNIPE: YES | Price: 0.5449 | Edge: 0.0249
2026-03-21 18:06:46,195 | polymarket | INFO | DRY RUN: Would place YES order for 540818 at 0.54488356939129685 size 20.0
2026-03-21 18:06:46,195 | utils | INFO | TRADE EXECUTED: SNIPE | Market: 540818 | Size: 20.0 | Expected P&L: N/A
2026-03-21 18:06:46,696 | strategies | INFO | 🎯 Sniping opportunity: NO at 0.58307266568824295 (edge: 0.0631)
2026-03-21 18:06:46,696 | utils | INFO | SNIPE: NO | Price: 0.5831 | Edge: 0.0631
2026-03-21 18:06:46,696 | polymarket | INFO | DRY RUN: Would place NO order for 540819 at 0.58307266568824295 size 20.0
2026-03-21 18:06:46,696 | utils | INFO | TRADE EXECUTED: SNIPE | Market: 540819 | Size: 20.0 | Expected P&L: N/A
2026-03-21 18:06:50,334 | strategies | INFO | 🎯 Sniping opportunity: NO at 0.6002799316507154 (edge: 0.0803)
2026-03-21 18:06:50,335 | utils | INFO | SNIPE: NO | Price: 0.6003 | Edge: 0.0803
2026-03-21 18:06:50,335 | polymarket | INFO | DRY RUN: Would place NO order for 540816 at 0.6002799316507154 size 20.0
2026-03-21 18:06:50,335 | utils | INFO | TRADE EXECUTED: SNIPE | Market: 540816 | Size: 20.0 | Expected P&L: N/A
2026-03-21 18:06:50,637 | httpx | INFO | HTTP Request: POST https://api.telegram.org/bot7377493035:AAGj7givCiG02bio_4TnVxLxV31fuOUHzqc/getUpdates "HTTP/1.1 200 OK"
2026-03-21 18:06:50,836 | strategies | INFO | 🎯 Sniping opportunity: NO at 0.59330811188563457 (edge: 0.0733)
2026-03-21 18:06:50,837 | utils | INFO | SNIPE: NO | Price: 0.5933 | Edge: 0.0733
2026-03-21 18:06:50,837 | polymarket | INFO | DRY RUN: Would place NO order for 540818 at 0.59330811188563457 size 20.0
2026-03-21 18:06:50,837 | utils | INFO | TRADE EXECUTED: SNIPE | Market: 540818 | Size: 20.0 | Expected P&L: N/A
2026-03-21 18:06:51,474 | strategies | INFO | 🎯 Sniping opportunity: NO at 0.55530139697441158 (edge: 0.0353)
2026-03-21 18:06:51,474 | utils | INFO | SNIPE: NO | Price: 0.5553 | Edge: 0.0353
2026-03-21 18:06:51,474 | polymarket | INFO | DRY RUN: Would place NO order for 540819 at 0.55530139697441158 size 20.0
2026-03-21 18:06:51,475 | utils | INFO | TRADE EXECUTED: SNIPE | Market: 540819 | Size: 20.0 | Expected P&L: N/A
2026-03-21 18:06:55,112 | strategies | INFO | 🎯 Sniping opportunity: YES at 0.548510871350896527 (edge: 0.0285)
2026-03-21 18:06:55,113 | utils | INFO | SNIPE: YES | Price: 0.5485 | Edge: 0.0285
2026-03-21 18:06:55,113 | polymarket | INFO | DRY RUN: Would place YES order for 531202 at 0.548510871350896527 size 20.0
2026-03-21 18:06:55,113 | utils | INFO | TRADE EXECUTED: SNIPE | Market: 531202 | Size: 20.0 | Expected P&L: N/A
2026-03-21 18:06:55,614 | strategies | INFO | 🎯 Sniping opportunity: NO at 0.61688130599772525 (edge: 0.0969)
2026-03-21 18:06:55,615 | utils | INFO | SNIPE: NO | Price: 0.6169 | Edge: 0.0969
2026-03-21 18:06:55,615 | polymarket | INFO | DRY RUN: Would place NO order for 540816 at 0.61688130599772525 size 20.0
2026-03-21 18:06:55,615 | utils | INFO | TRADE EXECUTED: SNIPE | Market: 540816 | Size: 20.0 | Expected P&L: N/A
2026-03-21 18:06:56,250 | strategies | INFO | 🎯 Sniping opportunity: NO at 0.55478236221194382 (edge: 0.0348)
2026-03-21 18:06:56,250 | utils | INFO | SNIPE: NO | Price: 0.5548 | Edge: 0.0348
2026-03-21 18:06:56,250 | polymarket | INFO | DRY RUN: Would place NO order for 540818 at 0.55478236221194382 size 20.0
2026-03-21 18:06:56,250 | utils | INFO | TRADE EXECUTED: SNIPE | Market: 540818 | Size: 20.0 | Expected P&L: N/A
2026-03-21 18:06:59,888 | strategies | INFO | 🎯 Sniping opportunity: YES at 0.60212290703766825 (edge: 0.0821)
2026-03-21 18:06:59,889 | utils | INFO | SNIPE: YES | Price: 0.6021 | Edge: 0.0821
2026-03-21 18:06:59,889 | polymarket | INFO | DRY RUN: Would place YES order for 531202 at 0.60212290703766825 size 20.0
2026-03-21 18:06:59,890 | utils | INFO | TRADE EXECUTED: SNIPE | Market: 531202 | Size: 20.0 | Expected P&L: N/A
2026-03-21 18:07:00,391 | strategies | INFO | 🎯 Sniping opportunity: YES at 0.55472390574967099 (edge: 0.0347)
2026-03-21 18:07:00,391 | utils | INFO | SNIPE: YES | Price: 0.5547 | Edge: 0.0347
2026-03-21 18:07:00,391 | polymarket | INFO | DRY RUN: Would place YES order for 540816 at 0.55472390574967099 size 20.0
2026-03-21 18:07:00,392 | utils | INFO | TRADE EXECUTED: SNIPE | Market: 540816 | Size: 20.0 | Expected P&L: N/A
2026-03-21 18:07:00,812 | httpx | INFO | HTTP Request: POST https://api.telegram.org/bot7377493035:AAGj7givCiG02bio_4TnVxLxV31fuOUHzqc/getUpdates "HTTP/1.1 200 OK"
2026-03-21 18:07:01,027 | strategies | INFO | 🎯 Sniping opportunity: YES at 0.58272071652306369 (edge: 0.0627)
2026-03-21 18:07:01,027 | utils | INFO | SNIPE: YES | Price: 0.5827 | Edge: 0.0627
2026-03-21 18:07:01,027 | polymarket | INFO | DRY RUN: Would place YES order for 540817 at 0.58272071652306369 size 20.0
2026-03-21 18:07:01,027 | utils | INFO | TRADE EXECUTED: SNIPE | Market: 540817 | Size: 20.0 | Expected P&L: N/A
2026-03-21 18:07:01,528 | strategies | INFO | 🎯 Sniping opportunity: YES at 0.58954478922164356 (edge: 0.0695)
2026-03-21 18:07:01,529 | utils | INFO | SNIPE: YES | Price: 0.5895 | Edge: 0.0695
2026-03-21 18:07:01,529 | polymarket | INFO | DRY RUN: Would place YES order for 540818 at 0.58954478922164356 size 20.0
2026-03-21 18:07:01,529 | utils | INFO | TRADE EXECUTED: SNIPE | Market: 540818 | Size: 20.0 | Expected P&L: N/A
2026-03-21 18:07:02,165 | strategies | INFO | 🎯 Sniping opportunity: YES at 0.57812926575929836 (edge: 0.0581)
2026-03-21 18:07:02,165 | utils | INFO | SNIPE: YES | Price: 0.5781 | Edge: 0.0581
2026-03-21 18:07:02,165 | polymarket | INFO | DRY RUN: Would place YES order for 540819 at 0.57812926575929836 size 20.0
2026-03-21 18:07:02,165 | utils | INFO | TRADE EXECUTED: SNIPE | Market: 540819 | Size: 20.0 | Expected P&L: N/A
2026-03-21 18:07:05,803 | strategies | INFO | 🎯 Sniping opportunity: NO at 0.541018117758463878 (edge: 0.0210)
2026-03-21 18:07:05,803 | utils | INFO | SNIPE: NO | Price: 0.5410 | Edge: 0.0210
2026-03-21 18:07:05,803 | polymarket | INFO | DRY RUN: Would place NO order for 531202 at 0.541018117758463878 size 20.0
2026-03-21 18:07:05,803 | utils | INFO | TRADE EXECUTED: SNIPE | Market: 531202 | Size: 20.0 | Expected P&L: N/A
2026-03-21 18:07:06,305 | strategies | INFO | 🎯 Sniping opportunity: YES at 0.60347011846526117 (edge: 0.0835)
2026-03-21 18:07:06,307 | utils | INFO | SNIPE: YES | Price: 0.6035 | Edge: 0.0835
2026-03-21 18:07:06,308 | polymarket | INFO | DRY RUN: Would place YES order for 540816 at 0.60347011846526117 size 20.0
2026-03-21 18:07:06,309 | utils | INFO | TRADE EXECUTED: SNIPE | Market: 540816 | Size: 20.0 | Expected P&L: N/A
2026-03-21 18:07:06,946 | strategies | INFO | 🎯 Sniping opportunity: YES at 0.580258675735239936 (edge: 0.0603)
2026-03-21 18:07:06,947 | utils | INFO | SNIPE: YES | Price: 0.5803 | Edge: 0.0603
2026-03-21 18:07:06,947 | polymarket | INFO | DRY RUN: Would place YES order for 540817 at 0.580258675735239936 size 20.0
2026-03-21 18:07:06,947 | utils | INFO | TRADE EXECUTED: SNIPE | Market: 540817 | Size: 20.0 | Expected P&L: N/A
2026-03-21 18:07:10,587 | strategies | INFO | 🎯 Sniping opportunity: YES at 0.59300921040122937 (edge: 0.0730)
2026-03-21 18:07:10,587 | utils | INFO | SNIPE: YES | Price: 0.5930 | Edge: 0.0730
2026-03-21 18:07:10,587 | polymarket | INFO | DRY RUN: Would place YES order for 531202 at 0.59300921040122937 size 20.0
2026-03-21 18:07:10,587 | utils | INFO | TRADE EXECUTED: SNIPE | Market: 531202 | Size: 20.0 | Expected P&L: N/A
2026-03-21 18:07:10,986 | httpx | INFO | HTTP Request: POST https://api.telegram.org/bot7377493035:AAGj7givCiG02bio_4TnVxLxV31fuOUHzqc/getUpdates "HTTP/1.1 200 OK"
2026-03-21 18:07:11,088 | strategies | INFO | 🎯 Sniping opportunity: NO at 0.58753407603559003 (edge: 0.0675)
2026-03-21 18:07:11,089 | utils | INFO | SNIPE: NO | Price: 0.5875 | Edge: 0.0675
2026-03-21 18:07:11,089 | polymarket | INFO | DRY RUN: Would place NO order for 540816 at 0.58753407603559003 size 20.0
2026-03-21 18:07:11,089 | utils | INFO | TRADE EXECUTED: SNIPE | Market: 540816 | Size: 20.0 | Expected P&L: N/A
2026-03-21 18:07:11,723 | strategies | INFO | 🎯 Sniping opportunity: NO at 0.59963028242313336 (edge: 0.0796)
2026-03-21 18:07:11,723 | utils | INFO | SNIPE: NO | Price: 0.5996 | Edge: 0.0796
2026-03-21 18:07:11,724 | polymarket | INFO | DRY RUN: Would place NO order for 540817 at 0.59963028242313336 size 20.0
2026-03-21 18:07:11,724 | utils | INFO | TRADE EXECUTED: SNIPE | Market: 540817 | Size: 20.0 | Expected P&L: N/A
2026-03-21 18:07:12,225 | strategies | INFO | 🎯 Sniping opportunity: NO at 0.5970715204034189 (edge: 0.0771)
2026-03-21 18:07:12,225 | utils | INFO | SNIPE: NO | Price: 0.5971 | Edge: 0.0771
2026-03-21 18:07:12,225 | polymarket | INFO | DRY RUN: Would place NO order for 540818 at 0.5970715204034189 size 20.0
2026-03-21 18:07:12,225 | utils | INFO | TRADE EXECUTED: SNIPE | Market: 540818 | Size: 20.0 | Expected P&L: N/A
2026-03-21 18:07:12,863 | strategies | INFO | 🎯 Sniping opportunity: NO at 0.541134037228831032 (edge: 0.0211)
2026-03-21 18:07:12,863 | utils | INFO | SNIPE: NO | Price: 0.5411 | Edge: 0.0211
2026-03-21 18:07:12,864 | polymarket | INFO | DRY RUN: Would place NO order for 540819 at 0.541134037228831032 size 20.0
2026-03-21 18:07:12,864 | utils | INFO | TRADE EXECUTED: SNIPE | Market: 540819 | Size: 20.0 | Expected P&L: N/A
2026-03-21 18:07:16,504 | strategies | INFO | 🎯 Sniping opportunity: YES at 0.60849638215585559 (edge: 0.0885)
2026-03-21 18:07:16,504 | utils | INFO | SNIPE: YES | Price: 0.6085 | Edge: 0.0885
2026-03-21 18:07:16,504 | polymarket | INFO | DRY RUN: Would place YES order for 531202 at 0.60849638215585559 size 20.0
2026-03-21 18:07:16,505 | utils | INFO | TRADE EXECUTED: SNIPE | Market: 531202 | Size: 20.0 | Expected P&L: N/A
2026-03-21 18:07:17,006 | strategies | INFO | 🎯 Sniping opportunity: YES at 0.6100012899894519 (edge: 0.0900)
2026-03-21 18:07:17,006 | utils | INFO | SNIPE: YES | Price: 0.6100 | Edge: 0.0900
2026-03-21 18:07:17,006 | polymarket | INFO | DRY RUN: Would place YES order for 540816 at 0.6100012899894519 size 20.0
2026-03-21 18:07:17,006 | utils | INFO | TRADE EXECUTED: SNIPE | Market: 540816 | Size: 20.0 | Expected P&L: N/A
2026-03-21 18:07:17,641 | strategies | INFO | 🎯 Sniping opportunity: NO at 0.58958796152193443 (edge: 0.0696)
2026-03-21 18:07:17,641 | utils | INFO | SNIPE: NO | Price: 0.5896 | Edge: 0.0696
2026-03-21 18:07:17,641 | polymarket | INFO | DRY RUN: Would place NO order for 540817 at 0.58958796152193443 size 20.0
2026-03-21 18:07:17,641 | utils | INFO | TRADE EXECUTED: SNIPE | Market: 540817 | Size: 20.0 | Expected P&L: N/A
2026-03-21 18:07:18,142 | strategies | INFO | 🎯 Sniping opportunity: YES at 0.61099703902302667 (edge: 0.0910)
2026-03-21 18:07:18,142 | utils | INFO | SNIPE: YES | Price: 0.6110 | Edge: 0.0910
2026-03-21 18:07:18,143 | polymarket | INFO | DRY RUN: Would place YES order for 540818 at 0.61099703902302667 size 20.0
2026-03-21 18:07:18,143 | utils | INFO | TRADE EXECUTED: SNIPE | Market: 540818 | Size: 20.0 | Expected P&L: N/A
2026-03-21 18:07:18,779 | strategies | INFO | 🎯 Sniping opportunity: YES at 0.59569795236807089 (edge: 0.0757)
2026-03-21 18:07:18,779 | utils | INFO | SNIPE: YES | Price: 0.5957 | Edge: 0.0757
2026-03-21 18:07:18,779 | polymarket | INFO | DRY RUN: Would place YES order for 540819 at 0.59569795236807089 size 20.0
2026-03-21 18:07:18,779 | utils | INFO | TRADE EXECUTED: SNIPE | Market: 540819 | Size: 20.0 | Expected P&L: N/A
2026-03-21 18:07:21,167 | httpx | INFO | HTTP Request: POST https://api.telegram.org/bot7377493035:AAGj7givCiG02bio_4TnVxLxV31fuOUHzqc/getUpdates "HTTP/1.1 200 OK"
2026-03-21 18:07:22,415 | strategies | INFO | 🎯 Sniping opportunity: NO at 0.58771014387978891 (edge: 0.0677)
2026-03-21 18:07:22,415 | utils | INFO | SNIPE: NO | Price: 0.5877 | Edge: 0.0677
2026-03-21 18:07:22,415 | polymarket | INFO | DRY RUN: Would place NO order for 531202 at 0.58771014387978891 size 20.0
2026-03-21 18:07:22,415 | utils | INFO | TRADE EXECUTED: SNIPE | Market: 531202 | Size: 20.0 | Expected P&L: N/A
2026-03-21 18:07:22,916 | strategies | INFO | 🎯 Sniping opportunity: YES at 0.60187308874420293 (edge: 0.0819)
2026-03-21 18:07:22,917 | utils | INFO | SNIPE: YES | Price: 0.6019 | Edge: 0.0819
2026-03-21 18:07:22,917 | polymarket | INFO | DRY RUN: Would place YES order for 540816 at 0.60187308874420293 size 20.0
2026-03-21 18:07:22,917 | utils | INFO | TRADE EXECUTED: SNIPE | Market: 540816 | Size: 20.0 | Expected P&L: N/A
2026-03-21 18:07:23,552 | __main__ | ERROR | Error processing market 540817: 'edge'
2026-03-21 18:07:23,553 | __main__ | ERROR | Error processing market 540818: 'edge'
2026-03-21 18:07:23,553 | strategies | INFO | 🎯 Sniping opportunity: NO at 0.570113279701879336 (edge: 0.0501)
2026-03-21 18:07:23,553 | utils | INFO | SNIPE: NO | Price: 0.5701 | Edge: 0.0501
2026-03-21 18:07:23,553 | polymarket | INFO | DRY RUN: Would place NO order for 540819 at 0.570113279701879336 size 20.0
2026-03-21 18:07:23,553 | utils | INFO | TRADE EXECUTED: SNIPE | Market: 540819 | Size: 20.0 | Expected P&L: N/A
2026-03-21 18:07:27,194 | __main__ | ERROR | Error processing market 531202: 'edge'
2026-03-21 18:07:27,194 | strategies | INFO | 🎯 Sniping opportunity: YES at 0.58773749837461443 (edge: 0.0677)
2026-03-21 18:07:27,195 | utils | INFO | SNIPE: YES | Price: 0.5877 | Edge: 0.0677
2026-03-21 18:07:27,195 | polymarket | INFO | DRY RUN: Would place YES order for 540816 at 0.58773749837461443 size 20.0
2026-03-21 18:07:27,195 | utils | INFO | TRADE EXECUTED: SNIPE | Market: 540816 | Size: 20.0 | Expected P&L: N/A
2026-03-21 18:07:27,696 | strategies | INFO | 🎯 Sniping opportunity: NO at 0.560245757725981296 (edge: 0.0402)
2026-03-21 18:07:27,696 | utils | INFO | SNIPE: NO | Price: 0.5602 | Edge: 0.0402
2026-03-21 18:07:27,696 | polymarket | INFO | DRY RUN: Would place NO order for 540817 at 0.560245757725981296 size 20.0
2026-03-21 18:07:27,696 | utils | INFO | TRADE EXECUTED: SNIPE | Market: 540817 | Size: 20.0 | Expected P&L: N/A
2026-03-21 18:07:28,333 | strategies | INFO | 🎯 Sniping opportunity: NO at 0.578586645501441284 (edge: 0.0586)
2026-03-21 18:07:28,333 | utils | INFO | SNIPE: NO | Price: 0.5786 | Edge: 0.0586
2026-03-21 18:07:28,333 | polymarket | INFO | DRY RUN: Would place NO order for 540818 at 0.578586645501441284 size 20.0
2026-03-21 18:07:28,334 | utils | INFO | TRADE EXECUTED: SNIPE | Market: 540818 | Size: 20.0 | Expected P&L: N/A
2026-03-21 18:07:28,835 | strategies | INFO | 🎯 Sniping opportunity: YES at 0.56465615449892582 (edge: 0.0447)
2026-03-21 18:07:28,835 | utils | INFO | SNIPE: YES | Price: 0.5647 | Edge: 0.0447
2026-03-21 18:07:28,835 | polymarket | INFO | DRY RUN: Would place YES order for 540819 at 0.56465615449892582 size 20.0
2026-03-21 18:07:28,836 | utils | INFO | TRADE EXECUTED: SNIPE | Market: 540819 | Size: 20.0 | Expected P&L: N/A
2026-03-21 18:07:31,343 | httpx | INFO | HTTP Request: POST https://api.telegram.org/bot7377493035:AAGj7givCiG02bio_4TnVxLxV31fuOUHzqc/getUpdates "HTTP/1.1 200 OK"
2026-03-21 18:07:32,474 | strategies | INFO | 🎯 Sniping opportunity: NO at 0.55678304700288608 (edge: 0.0368)
2026-03-21 18:07:32,474 | utils | INFO | SNIPE: NO | Price: 0.5568 | Edge: 0.0368
2026-03-21 18:07:32,474 | polymarket | INFO | DRY RUN: Would place NO order for 531202 at 0.55678304700288608 size 20.0
2026-03-21 18:07:32,474 | utils | INFO | TRADE EXECUTED: SNIPE | Market: 531202 | Size: 20.0 | Expected P&L: N/A
2026-03-21 18:07:32,975 | strategies | INFO | 🎯 Sniping opportunity: YES at 0.60690797800626618 (edge: 0.0869)
2026-03-21 18:07:32,975 | utils | INFO | SNIPE: YES | Price: 0.6069 | Edge: 0.0869
2026-03-21 18:07:32,976 | polymarket | INFO | DRY RUN: Would place YES order for 540816 at 0.60690797800626618 size 20.0
2026-03-21 18:07:32,976 | utils | INFO | TRADE EXECUTED: SNIPE | Market: 540816 | Size: 20.0 | Expected P&L: N/A
2026-03-21 18:07:33,610 | strategies | INFO | 🎯 Sniping opportunity: NO at 0.58062880717634811 (edge: 0.0606)
2026-03-21 18:07:33,610 | utils | INFO | SNIPE: NO | Price: 0.5806 | Edge: 0.0606
2026-03-21 18:07:33,610 | polymarket | INFO | DRY RUN: Would place NO order for 540817 at 0.58062880717634811 size 20.0
2026-03-21 18:07:33,610 | utils | INFO | TRADE EXECUTED: SNIPE | Market: 540817 | Size: 20.0 | Expected P&L: N/A
2026-03-21 18:07:34,111 | strategies | INFO | 🎯 Sniping opportunity: NO at 0.591279714218136 (edge: 0.0713)
2026-03-21 18:07:34,112 | utils | INFO | SNIPE: NO | Price: 0.5913 | Edge: 0.0713
2026-03-21 18:07:34,112 | polymarket | INFO | DRY RUN: Would place NO order for 540818 at 0.591279714218136 size 20.0
2026-03-21 18:07:34,112 | utils | INFO | TRADE EXECUTED: SNIPE | Market: 540818 | Size: 20.0 | Expected P&L: N/A
2026-03-21 18:07:37,885 | strategies | INFO | 🎯 Sniping opportunity: NO at 0.5885781781890806 (edge: 0.0686)
2026-03-21 18:07:37,885 | utils | INFO | SNIPE: NO | Price: 0.5886 | Edge: 0.0686
2026-03-21 18:07:37,886 | polymarket | INFO | DRY RUN: Would place NO order for 531202 at 0.5885781781890806 size 20.0
2026-03-21 18:07:37,886 | utils | INFO | TRADE EXECUTED: SNIPE | Market: 531202 | Size: 20.0 | Expected P&L: N/A
2026-03-21 18:07:38,387 | __main__ | ERROR | Error processing market 540816: 'edge'
2026-03-21 18:07:38,388 | strategies | INFO | 🎯 Sniping opportunity: NO at 0.56709883651087768 (edge: 0.0471)
2026-03-21 18:07:38,388 | utils | INFO | SNIPE: NO | Price: 0.5671 | Edge: 0.0471
2026-03-21 18:07:38,388 | polymarket | INFO | DRY RUN: Would place NO order for 540817 at 0.56709883651087768 size 20.0
2026-03-21 18:07:38,388 | utils | INFO | TRADE EXECUTED: SNIPE | Market: 540817 | Size: 20.0 | Expected P&L: N/A
2026-03-21 18:07:39,024 | strategies | INFO | 🎯 Sniping opportunity: NO at 0.61934150925935226 (edge: 0.0993)
2026-03-21 18:07:39,025 | utils | INFO | SNIPE: NO | Price: 0.6193 | Edge: 0.0993
2026-03-21 18:07:39,025 | polymarket | INFO | DRY RUN: Would place NO order for 540818 at 0.61934150925935226 size 20.0
2026-03-21 18:07:39,025 | utils | INFO | TRADE EXECUTED: SNIPE | Market: 540818 | Size: 20.0 | Expected P&L: N/A
2026-03-21 18:07:39,526 | strategies | INFO | 🎯 Sniping opportunity: NO at 0.59570211245886248 (edge: 0.0757)
2026-03-21 18:07:39,526 | utils | INFO | SNIPE: NO | Price: 0.5957 | Edge: 0.0757
2026-03-21 18:07:39,526 | polymarket | INFO | DRY RUN: Would place NO order for 540819 at 0.59570211245886248 size 20.0
2026-03-21 18:07:39,527 | utils | INFO | TRADE EXECUTED: SNIPE | Market: 540819 | Size: 20.0 | Expected P&L: N/A
2026-03-21 18:07:41,519 | httpx | INFO | HTTP Request: POST https://api.telegram.org/bot7377493035:AAGj7givCiG02bio_4TnVxLxV31fuOUHzqc/getUpdates "HTTP/1.1 200 OK"
2026-03-21 18:07:43,167 | strategies | INFO | 🎯 Sniping opportunity: NO at 0.572199633437077786 (edge: 0.0522)
2026-03-21 18:07:43,167 | utils | INFO | SNIPE: NO | Price: 0.5722 | Edge: 0.0522
2026-03-21 18:07:43,167 | polymarket | INFO | DRY RUN: Would place NO order for 531202 at 0.572199633437077786 size 20.0
2026-03-21 18:07:43,168 | utils | INFO | TRADE EXECUTED: SNIPE | Market: 531202 | Size: 20.0 | Expected P&L: N/A
2026-03-21 18:07:43,669 | strategies | INFO | 🎯 Sniping opportunity: YES at 0.59063085340854919 (edge: 0.0706)
2026-03-21 18:07:43,669 | utils | INFO | SNIPE: YES | Price: 0.5906 | Edge: 0.0706
2026-03-21 18:07:43,669 | polymarket | INFO | DRY RUN: Would place YES order for 540816 at 0.59063085340854919 size 20.0
2026-03-21 18:07:43,669 | utils | INFO | TRADE EXECUTED: SNIPE | Market: 540816 | Size: 20.0 | Expected P&L: N/A
2026-03-21 18:07:44,305 | strategies | INFO | 🎯 Sniping opportunity: NO at 0.56746620071623975 (edge: 0.0475)
2026-03-21 18:07:44,305 | utils | INFO | SNIPE: NO | Price: 0.5675 | Edge: 0.0475
2026-03-21 18:07:44,305 | polymarket | INFO | DRY RUN: Would place NO order for 540818 at 0.56746620071623975 size 20.0
2026-03-21 18:07:44,305 | utils | INFO | TRADE EXECUTED: SNIPE | Market: 540818 | Size: 20.0 | Expected P&L: N/A
2026-03-21 18:07:44,806 | strategies | INFO | 🎯 Sniping opportunity: YES at 0.61478248403461068 (edge: 0.0948)
2026-03-21 18:07:44,807 | utils | INFO | SNIPE: YES | Price: 0.6148 | Edge: 0.0948
2026-03-21 18:07:44,807 | polymarket | INFO | DRY RUN: Would place YES order for 540819 at 0.61478248403461068 size 20.0
2026-03-21 18:07:44,807 | utils | INFO | TRADE EXECUTED: SNIPE | Market: 540819 | Size: 20.0 | Expected P&L: N/A
2026-03-21 18:07:48,446 | strategies | INFO | 🎯 Sniping opportunity: NO at 0.5468047927700492 (edge: 0.0268)
2026-03-21 18:07:48,446 | utils | INFO | SNIPE: NO | Price: 0.5468 | Edge: 0.0268
2026-03-21 18:07:48,446 | polymarket | INFO | DRY RUN: Would place NO order for 531202 at 0.5468047927700492 size 20.0
2026-03-21 18:07:48,446 | utils | INFO | TRADE EXECUTED: SNIPE | Market: 531202 | Size: 20.0 | Expected P&L: N/A
2026-03-21 18:07:48,947 | strategies | INFO | 🎯 Sniping opportunity: NO at 0.578677943624728536 (edge: 0.0587)
2026-03-21 18:07:48,947 | utils | INFO | SNIPE: NO | Price: 0.5787 | Edge: 0.0587
2026-03-21 18:07:48,948 | polymarket | INFO | DRY RUN: Would place NO order for 540816 at 0.578677943624728536 size 20.0
2026-03-21 18:07:48,948 | utils | INFO | TRADE EXECUTED: SNIPE | Market: 540816 | Size: 20.0 | Expected P&L: N/A
2026-03-21 18:07:49,585 | strategies | INFO | 🎯 Sniping opportunity: NO at 0.61109369828163859 (edge: 0.0911)
2026-03-21 18:07:49,585 | utils | INFO | SNIPE: NO | Price: 0.6111 | Edge: 0.0911
2026-03-21 18:07:49,586 | polymarket | INFO | DRY RUN: Would place NO order for 540817 at 0.61109369828163859 size 20.0
2026-03-21 18:07:49,586 | utils | INFO | TRADE EXECUTED: SNIPE | Market: 540817 | Size: 20.0 | Expected P&L: N/A
2026-03-21 18:07:50,087 | strategies | INFO | 🎯 Sniping opportunity: NO at 0.60472675377518801 (edge: 0.0847)
2026-03-21 18:07:50,087 | utils | INFO | SNIPE: NO | Price: 0.6047 | Edge: 0.0847
2026-03-21 18:07:50,087 | polymarket | INFO | DRY RUN: Would place NO order for 540819 at 0.60472675377518801 size 20.0
2026-03-21 18:07:50,088 | utils | INFO | TRADE EXECUTED: SNIPE | Market: 540819 | Size: 20.0 | Expected P&L: N/A
2026-03-21 18:07:51,707 | httpx | INFO | HTTP Request: POST https://api.telegram.org/bot7377493035:AAGj7givCiG02bio_4TnVxLxV31fuOUHzqc/getUpdates "HTTP/1.1 200 OK"
2026-03-21 18:07:53,724 | strategies | INFO | 🎯 Sniping opportunity: NO at 0.5478769749420871 (edge: 0.0279)
2026-03-21 18:07:53,724 | utils | INFO | SNIPE: NO | Price: 0.5479 | Edge: 0.0279
2026-03-21 18:07:53,724 | polymarket | INFO | DRY RUN: Would place NO order for 531202 at 0.5478769749420871 size 20.0
2026-03-21 18:07:53,724 | utils | INFO | TRADE EXECUTED: SNIPE | Market: 531202 | Size: 20.0 | Expected P&L: N/A
2026-03-21 18:07:54,225 | strategies | INFO | 🎯 Sniping opportunity: YES at 0.58244360841999519 (edge: 0.0624)
2026-03-21 18:07:54,226 | utils | INFO | SNIPE: YES | Price: 0.5824 | Edge: 0.0624
2026-03-21 18:07:54,226 | polymarket | INFO | DRY RUN: Would place YES order for 540817 at 0.58244360841999519 size 20.0
2026-03-21 18:07:54,226 | utils | INFO | TRADE EXECUTED: SNIPE | Market: 540817 | Size: 20.0 | Expected P&L: N/A
2026-03-21 18:07:54,864 | strategies | INFO | 🎯 Sniping opportunity: NO at 0.57101556731701689 (edge: 0.0510)
2026-03-21 18:07:54,864 | utils | INFO | SNIPE: NO | Price: 0.5710 | Edge: 0.0510
2026-03-21 18:07:54,864 | polymarket | INFO | DRY RUN: Would place NO order for 540818 at 0.57101556731701689 size 20.0
2026-03-21 18:07:54,865 | utils | INFO | TRADE EXECUTED: SNIPE | Market: 540818 | Size: 20.0 | Expected P&L: N/A
2026-03-21 18:07:55,366 | __main__ | ERROR | Error processing market 540819: 'edge'
2026-03-21 18:07:58,505 | strategies | INFO | 🎯 Sniping opportunity: NO at 0.60711912745443735 (edge: 0.0871)
2026-03-21 18:07:58,505 | utils | INFO | SNIPE: NO | Price: 0.6071 | Edge: 0.0871
2026-03-21 18:07:58,505 | polymarket | INFO | DRY RUN: Would place NO order for 531202 at 0.60711912745443735 size 20.0
2026-03-21 18:07:58,505 | utils | INFO | TRADE EXECUTED: SNIPE | Market: 531202 | Size: 20.0 | Expected P&L: N/A
2026-03-21 18:07:59,006 | strategies | INFO | 🎯 Sniping opportunity: NO at 0.56593031720189327 (edge: 0.0459)
2026-03-21 18:07:59,007 | utils | INFO | SNIPE: NO | Price: 0.5659 | Edge: 0.0459
2026-03-21 18:07:59,007 | polymarket | INFO | DRY RUN: Would place NO order for 540817 at 0.56593031720189327 size 20.0
2026-03-21 18:07:59,007 | utils | INFO | TRADE EXECUTED: SNIPE | Market: 540817 | Size: 20.0 | Expected P&L: N/A
2026-03-21 18:07:59,642 | strategies | INFO | 🎯 Sniping opportunity: YES at 0.5475028620175784 (edge: 0.0275)
2026-03-21 18:07:59,643 | utils | INFO | SNIPE: YES | Price: 0.5475 | Edge: 0.0275
2026-03-21 18:07:59,643 | polymarket | INFO | DRY RUN: Would place YES order for 540818 at 0.5475028620175784 size 20.0
2026-03-21 18:07:59,643 | utils | INFO | TRADE EXECUTED: SNIPE | Market: 540818 | Size: 20.0 | Expected P&L: N/A
2026-03-21 18:08:01,987 | httpx | INFO | HTTP Request: POST https://api.telegram.org/bot7377493035:AAGj7givCiG02bio_4TnVxLxV31fuOUHzqc/getUpdates "HTTP/1.1 200 OK"
2026-03-21 18:08:03,279 | strategies | INFO | 🎯 Sniping opportunity: NO at 0.58851943357086739 (edge: 0.0685)
2026-03-21 18:08:03,280 | utils | INFO | SNIPE: NO | Price: 0.5885 | Edge: 0.0685
2026-03-21 18:08:03,280 | polymarket | INFO | DRY RUN: Would place NO order for 531202 at 0.58851943357086739 size 20.0
2026-03-21 18:08:03,280 | utils | INFO | TRADE EXECUTED: SNIPE | Market: 531202 | Size: 20.0 | Expected P&L: N/A
2026-03-21 18:08:03,782 | strategies | INFO | 🎯 Sniping opportunity: NO at 0.56429383032424244 (edge: 0.0443)
2026-03-21 18:08:03,782 | utils | INFO | SNIPE: NO | Price: 0.5643 | Edge: 0.0443
2026-03-21 18:08:03,782 | polymarket | INFO | DRY RUN: Would place NO order for 540816 at 0.56429383032424244 size 20.0
2026-03-21 18:08:03,782 | utils | INFO | TRADE EXECUTED: SNIPE | Market: 540816 | Size: 20.0 | Expected P&L: N/A
2026-03-21 18:08:04,420 | strategies | INFO | 🎯 Sniping opportunity: NO at 0.58151022986532977 (edge: 0.0615)
2026-03-21 18:08:04,420 | utils | INFO | SNIPE: NO | Price: 0.5815 | Edge: 0.0615
2026-03-21 18:08:04,420 | polymarket | INFO | DRY RUN: Would place NO order for 540817 at 0.58151022986532977 size 20.0
2026-03-21 18:08:04,420 | utils | INFO | TRADE EXECUTED: SNIPE | Market: 540817 | Size: 20.0 | Expected P&L: N/A
2026-03-21 18:08:04,921 | strategies | INFO | 🎯 Sniping opportunity: NO at 0.60086064458665553 (edge: 0.0809)
2026-03-21 18:08:04,922 | utils | INFO | SNIPE: NO | Price: 0.6009 | Edge: 0.0809
2026-03-21 18:08:04,922 | polymarket | INFO | DRY RUN: Would place NO order for 540818 at 0.60086064458665553 size 20.0
2026-03-21 18:08:04,922 | utils | INFO | TRADE EXECUTED: SNIPE | Market: 540818 | Size: 20.0 | Expected P&L: N/A
2026-03-21 18:08:08,694 | strategies | INFO | 🎯 Sniping opportunity: YES at 0.58190001112718546 (edge: 0.0619)
2026-03-21 18:08:08,694 | utils | INFO | SNIPE: YES | Price: 0.5819 | Edge: 0.0619
2026-03-21 18:08:08,694 | polymarket | INFO | DRY RUN: Would place YES order for 531202 at 0.58190001112718546 size 20.0
2026-03-21 18:08:08,694 | utils | INFO | TRADE EXECUTED: SNIPE | Market: 531202 | Size: 20.0 | Expected P&L: N/A
2026-03-21 18:08:09,195 | strategies | INFO | 🎯 Sniping opportunity: YES at 0.5985289187235178 (edge: 0.0785)
2026-03-21 18:08:09,195 | utils | INFO | SNIPE: YES | Price: 0.5985 | Edge: 0.0785
2026-03-21 18:08:09,196 | polymarket | INFO | DRY RUN: Would place YES order for 540816 at 0.5985289187235178 size 20.0
2026-03-21 18:08:09,196 | utils | INFO | TRADE EXECUTED: SNIPE | Market: 540816 | Size: 20.0 | Expected P&L: N/A
2026-03-21 18:08:09,831 | strategies | INFO | 🎯 Sniping opportunity: NO at 0.581201031987810885 (edge: 0.0612)
2026-03-21 18:08:09,831 | utils | INFO | SNIPE: NO | Price: 0.5812 | Edge: 0.0612
2026-03-21 18:08:09,831 | polymarket | INFO | DRY RUN: Would place NO order for 540817 at 0.581201031987810885 size 20.0
2026-03-21 18:08:09,832 | utils | INFO | TRADE EXECUTED: SNIPE | Market: 540817 | Size: 20.0 | Expected P&L: N/A
2026-03-21 18:08:10,333 | strategies | INFO | 🎯 Sniping opportunity: YES at 0.59636961881210708 (edge: 0.0764)
2026-03-21 18:08:10,333 | utils | INFO | SNIPE: YES | Price: 0.5964 | Edge: 0.0764
2026-03-21 18:08:10,333 | polymarket | INFO | DRY RUN: Would place YES order for 540819 at 0.59636961881210708 size 20.0
2026-03-21 18:08:10,333 | utils | INFO | TRADE EXECUTED: SNIPE | Market: 540819 | Size: 20.0 | Expected P&L: N/A
2026-03-21 18:08:12,162 | httpx | INFO | HTTP Request: POST https://api.telegram.org/bot7377493035:AAGj7givCiG02bio_4TnVxLxV31fuOUHzqc/getUpdates "HTTP/1.1 200 OK"
2026-03-21 18:08:13,972 | strategies | INFO | 🎯 Sniping opportunity: NO at 0.550330126601207194 (edge: 0.0303)
2026-03-21 18:08:13,972 | utils | INFO | SNIPE: NO | Price: 0.5503 | Edge: 0.0303
2026-03-21 18:08:13,972 | polymarket | INFO | DRY RUN: Would place NO order for 531202 at 0.550330126601207194 size 20.0
2026-03-21 18:08:13,972 | utils | INFO | TRADE EXECUTED: SNIPE | Market: 531202 | Size: 20.0 | Expected P&L: N/A
2026-03-21 18:08:14,474 | strategies | INFO | 🎯 Sniping opportunity: YES at 0.5830190021338882 (edge: 0.0630)
2026-03-21 18:08:14,474 | utils | INFO | SNIPE: YES | Price: 0.5830 | Edge: 0.0630
2026-03-21 18:08:14,474 | polymarket | INFO | DRY RUN: Would place YES order for 540818 at 0.5830190021338882 size 20.0
2026-03-21 18:08:14,474 | utils | INFO | TRADE EXECUTED: SNIPE | Market: 540818 | Size: 20.0 | Expected P&L: N/A
2026-03-21 18:08:15,109 | strategies | INFO | 🎯 Sniping opportunity: NO at 0.59448649784730269 (edge: 0.0745)
2026-03-21 18:08:15,109 | utils | INFO | SNIPE: NO | Price: 0.5945 | Edge: 0.0745
2026-03-21 18:08:15,109 | polymarket | INFO | DRY RUN: Would place NO order for 540819 at 0.59448649784730269 size 20.0
2026-03-21 18:08:15,109 | utils | INFO | TRADE EXECUTED: SNIPE | Market: 540819 | Size: 20.0 | Expected P&L: N/A
2026-03-21 18:08:18,747 | strategies | INFO | 🎯 Sniping opportunity: YES at 0.59178521321718823 (edge: 0.0718)
2026-03-21 18:08:18,747 | utils | INFO | SNIPE: YES | Price: 0.5918 | Edge: 0.0718
2026-03-21 18:08:18,748 | polymarket | INFO | DRY RUN: Would place YES order for 531202 at 0.59178521321718823 size 20.0
2026-03-21 18:08:18,748 | utils | INFO | TRADE EXECUTED: SNIPE | Market: 531202 | Size: 20.0 | Expected P&L: N/A
2026-03-21 18:08:19,249 | strategies | INFO | 🎯 Sniping opportunity: YES at 0.56477495511641355 (edge: 0.0448)
2026-03-21 18:08:19,249 | utils | INFO | SNIPE: YES | Price: 0.5648 | Edge: 0.0448
2026-03-21 18:08:19,249 | polymarket | INFO | DRY RUN: Would place YES order for 540816 at 0.56477495511641355 size 20.0
2026-03-21 18:08:19,249 | utils | INFO | TRADE EXECUTED: SNIPE | Market: 540816 | Size: 20.0 | Expected P&L: N/A
2026-03-21 18:08:19,888 | strategies | INFO | 🎯 Sniping opportunity: YES at 0.5596985351636229 (edge: 0.0397)
2026-03-21 18:08:19,888 | utils | INFO | SNIPE: YES | Price: 0.5597 | Edge: 0.0397
2026-03-21 18:08:19,888 | polymarket | INFO | DRY RUN: Would place YES order for 540817 at 0.5596985351636229 size 20.0
2026-03-21 18:08:19,888 | utils | INFO | TRADE EXECUTED: SNIPE | Market: 540817 | Size: 20.0 | Expected P&L: N/A
2026-03-21 18:08:20,389 | strategies | INFO | 🎯 Sniping opportunity: NO at 0.56193529454969039 (edge: 0.0419)
2026-03-21 18:08:20,390 | utils | INFO | SNIPE: NO | Price: 0.5619 | Edge: 0.0419
2026-03-21 18:08:20,390 | polymarket | INFO | DRY RUN: Would place NO order for 540818 at 0.56193529454969039 size 20.0
2026-03-21 18:08:20,390 | utils | INFO | TRADE EXECUTED: SNIPE | Market: 540818 | Size: 20.0 | Expected P&L: N/A
2026-03-21 18:08:21,025 | strategies | INFO | 🎯 Sniping opportunity: YES at 0.59199173089211389 (edge: 0.0720)
2026-03-21 18:08:21,025 | utils | INFO | SNIPE: YES | Price: 0.5920 | Edge: 0.0720
2026-03-21 18:08:21,025 | polymarket | INFO | DRY RUN: Would place YES order for 540819 at 0.59199173089211389 size 20.0
2026-03-21 18:08:21,025 | utils | INFO | TRADE EXECUTED: SNIPE | Market: 540819 | Size: 20.0 | Expected P&L: N/A
2026-03-21 18:08:22,337 | httpx | INFO | HTTP Request: POST https://api.telegram.org/bot7377493035:AAGj7givCiG02bio_4TnVxLxV31fuOUHzqc/getUpdates "HTTP/1.1 200 OK"
2026-03-21 18:08:24,664 | strategies | INFO | 🎯 Sniping opportunity: NO at 0.55578575423221397 (edge: 0.0358)
2026-03-21 18:08:24,664 | utils | INFO | SNIPE: NO | Price: 0.5558 | Edge: 0.0358
2026-03-21 18:08:24,664 | polymarket | INFO | DRY RUN: Would place NO order for 531202 at 0.55578575423221397 size 20.0
2026-03-21 18:08:24,664 | utils | INFO | TRADE EXECUTED: SNIPE | Market: 531202 | Size: 20.0 | Expected P&L: N/A
2026-03-21 18:08:25,165 | strategies | INFO | 🎯 Sniping opportunity: NO at 0.58197456891299716 (edge: 0.0620)
2026-03-21 18:08:25,165 | utils | INFO | SNIPE: NO | Price: 0.5820 | Edge: 0.0620
2026-03-21 18:08:25,166 | polymarket | INFO | DRY RUN: Would place NO order for 540817 at 0.58197456891299716 size 20.0
2026-03-21 18:08:25,166 | utils | INFO | TRADE EXECUTED: SNIPE | Market: 540817 | Size: 20.0 | Expected P&L: N/A
2026-03-21 18:08:25,799 | strategies | INFO | 🎯 Sniping opportunity: YES at 0.58860585550926981 (edge: 0.0686)
2026-03-21 18:08:25,799 | utils | INFO | SNIPE: YES | Price: 0.5886 | Edge: 0.0686
2026-03-21 18:08:25,799 | polymarket | INFO | DRY RUN: Would place YES order for 540819 at 0.58860585550926981 size 20.0
2026-03-21 18:08:25,800 | utils | INFO | TRADE EXECUTED: SNIPE | Market: 540819 | Size: 20.0 | Expected P&L: N/A
2026-03-21 18:08:29,436 | strategies | INFO | 🎯 Sniping opportunity: NO at 0.60623517619299795 (edge: 0.0862)
2026-03-21 18:08:29,436 | utils | INFO | SNIPE: NO | Price: 0.6062 | Edge: 0.0862
2026-03-21 18:08:29,437 | polymarket | INFO | DRY RUN: Would place NO order for 531202 at 0.60623517619299795 size 20.0
2026-03-21 18:08:29,437 | utils | INFO | TRADE EXECUTED: SNIPE | Market: 531202 | Size: 20.0 | Expected P&L: N/A
2026-03-21 18:08:29,938 | strategies | INFO | 🎯 Sniping opportunity: NO at 0.55136798658888229 (edge: 0.0314)
2026-03-21 18:08:29,938 | utils | INFO | SNIPE: NO | Price: 0.5514 | Edge: 0.0314
2026-03-21 18:08:29,939 | polymarket | INFO | DRY RUN: Would place NO order for 540816 at 0.55136798658888229 size 20.0
2026-03-21 18:08:29,939 | utils | INFO | TRADE EXECUTED: SNIPE | Market: 540816 | Size: 20.0 | Expected P&L: N/A
2026-03-21 18:08:30,575 | strategies | INFO | 🎯 Sniping opportunity: YES at 0.57822057008617146 (edge: 0.0582)
2026-03-21 18:08:30,575 | utils | INFO | SNIPE: YES | Price: 0.5782 | Edge: 0.0582
2026-03-21 18:08:30,575 | polymarket | INFO | DRY RUN: Would place YES order for 540818 at 0.57822057008617146 size 20.0
2026-03-21 18:08:30,575 | utils | INFO | TRADE EXECUTED: SNIPE | Market: 540818 | Size: 20.0 | Expected P&L: N/A
2026-03-21 18:08:32,509 | httpx | INFO | HTTP Request: POST https://api.telegram.org/bot7377493035:AAGj7givCiG02bio_4TnVxLxV31fuOUHzqc/getUpdates "HTTP/1.1 200 OK"
2026-03-21 18:08:34,213 | strategies | INFO | 🎯 Sniping opportunity: YES at 0.5988745455471056 (edge: 0.0789)
2026-03-21 18:08:34,213 | utils | INFO | SNIPE: YES | Price: 0.5989 | Edge: 0.0789
2026-03-21 18:08:34,213 | polymarket | INFO | DRY RUN: Would place YES order for 531202 at 0.5988745455471056 size 20.0
2026-03-21 18:08:34,213 | utils | INFO | TRADE EXECUTED: SNIPE | Market: 531202 | Size: 20.0 | Expected P&L: N/A
2026-03-21 18:08:34,714 | strategies | INFO | 🎯 Sniping opportunity: YES at 0.55479789338462533 (edge: 0.0348)
2026-03-21 18:08:34,714 | utils | INFO | SNIPE: YES | Price: 0.5548 | Edge: 0.0348
2026-03-21 18:08:34,714 | polymarket | INFO | DRY RUN: Would place YES order for 540816 at 0.55479789338462533 size 20.0
2026-03-21 18:08:34,715 | utils | INFO | TRADE EXECUTED: SNIPE | Market: 540816 | Size: 20.0 | Expected P&L: N/A
2026-03-21 18:08:35,349 | strategies | INFO | 🎯 Sniping opportunity: YES at 0.544041395858502262 (edge: 0.0240)
2026-03-21 18:08:35,350 | utils | INFO | SNIPE: YES | Price: 0.5440 | Edge: 0.0240
2026-03-21 18:08:35,350 | polymarket | INFO | DRY RUN: Would place YES order for 540817 at 0.544041395858502262 size 20.0
2026-03-21 18:08:35,350 | utils | INFO | TRADE EXECUTED: SNIPE | Market: 540817 | Size: 20.0 | Expected P&L: N/A
2026-03-21 18:08:35,851 | strategies | INFO | 🎯 Sniping opportunity: YES at 0.57511641678233556 (edge: 0.0551)
2026-03-21 18:08:35,851 | utils | INFO | SNIPE: YES | Price: 0.5751 | Edge: 0.0551
2026-03-21 18:08:35,851 | polymarket | INFO | DRY RUN: Would place YES order for 540818 at 0.57511641678233556 size 20.0
2026-03-21 18:08:35,852 | utils | INFO | TRADE EXECUTED: SNIPE | Market: 540818 | Size: 20.0 | Expected P&L: N/A
2026-03-21 18:08:36,488 | strategies | INFO | 🎯 Sniping opportunity: NO at 0.59204905194709828 (edge: 0.0720)
2026-03-21 18:08:36,489 | utils | INFO | SNIPE: NO | Price: 0.5920 | Edge: 0.0720
2026-03-21 18:08:36,489 | polymarket | INFO | DRY RUN: Would place NO order for 540819 at 0.59204905194709828 size 20.0
2026-03-21 18:08:36,489 | utils | INFO | TRADE EXECUTED: SNIPE | Market: 540819 | Size: 20.0 | Expected P&L: N/A
2026-03-21 18:08:40,124 | strategies | INFO | 🎯 Sniping opportunity: YES at 0.540154469909074615 (edge: 0.0202)
2026-03-21 18:08:40,124 | utils | INFO | SNIPE: YES | Price: 0.5402 | Edge: 0.0202
2026-03-21 18:08:40,124 | polymarket | INFO | DRY RUN: Would place YES order for 531202 at 0.540154469909074615 size 20.0
2026-03-21 18:08:40,124 | utils | INFO | TRADE EXECUTED: SNIPE | Market: 531202 | Size: 20.0 | Expected P&L: N/A
2026-03-21 18:08:40,625 | strategies | INFO | 🎯 Sniping opportunity: YES at 0.545395415071397198 (edge: 0.0254)
2026-03-21 18:08:40,626 | utils | INFO | SNIPE: YES | Price: 0.5454 | Edge: 0.0254
2026-03-21 18:08:40,626 | polymarket | INFO | DRY RUN: Would place YES order for 540816 at 0.545395415071397198 size 20.0
2026-03-21 18:08:40,626 | utils | INFO | TRADE EXECUTED: SNIPE | Market: 540816 | Size: 20.0 | Expected P&L: N/A
2026-03-21 18:08:41,262 | __main__ | ERROR | Error processing market 540818: 'edge'
2026-03-21 18:08:41,263 | strategies | INFO | 🎯 Sniping opportunity: NO at 0.5762407564702454 (edge: 0.0562)
2026-03-21 18:08:41,263 | utils | INFO | SNIPE: NO | Price: 0.5762 | Edge: 0.0562
2026-03-21 18:08:41,263 | polymarket | INFO | DRY RUN: Would place NO order for 540819 at 0.5762407564702454 size 20.0
2026-03-21 18:08:41,263 | utils | INFO | TRADE EXECUTED: SNIPE | Market: 540819 | Size: 20.0 | Expected P&L: N/A
2026-03-21 18:08:42,680 | httpx | INFO | HTTP Request: POST https://api.telegram.org/bot7377493035:AAGj7givCiG02bio_4TnVxLxV31fuOUHzqc/getUpdates "HTTP/1.1 200 OK"
2026-03-21 18:08:44,902 | strategies | INFO | 🎯 Sniping opportunity: NO at 0.61675922447989566 (edge: 0.0968)
2026-03-21 18:08:44,903 | utils | INFO | SNIPE: NO | Price: 0.6168 | Edge: 0.0968
2026-03-21 18:08:44,903 | polymarket | INFO | DRY RUN: Would place NO order for 531202 at 0.61675922447989566 size 20.0
2026-03-21 18:08:44,903 | utils | INFO | TRADE EXECUTED: SNIPE | Market: 531202 | Size: 20.0 | Expected P&L: N/A
2026-03-21 18:08:45,404 | strategies | INFO | 🎯 Sniping opportunity: YES at 0.55501859864034107 (edge: 0.0350)
2026-03-21 18:08:45,405 | utils | INFO | SNIPE: YES | Price: 0.5550 | Edge: 0.0350
2026-03-21 18:08:45,405 | polymarket | INFO | DRY RUN: Would place YES order for 540816 at 0.55501859864034107 size 20.0
2026-03-21 18:08:45,405 | utils | INFO | TRADE EXECUTED: SNIPE | Market: 540816 | Size: 20.0 | Expected P&L: N/A
2026-03-21 18:08:46,043 | strategies | INFO | 🎯 Sniping opportunity: YES at 0.561534659244266636 (edge: 0.0415)
2026-03-21 18:08:46,043 | utils | INFO | SNIPE: YES | Price: 0.5615 | Edge: 0.0415
2026-03-21 18:08:46,043 | polymarket | INFO | DRY RUN: Would place YES order for 540817 at 0.561534659244266636 size 20.0
2026-03-21 18:08:46,044 | utils | INFO | TRADE EXECUTED: SNIPE | Market: 540817 | Size: 20.0 | Expected P&L: N/A
2026-03-21 18:08:46,545 | __main__ | ERROR | Error processing market 540818: 'edge'
2026-03-21 18:08:46,545 | strategies | INFO | 🎯 Sniping opportunity: YES at 0.562126034370912196 (edge: 0.0421)
2026-03-21 18:08:46,546 | utils | INFO | SNIPE: YES | Price: 0.5621 | Edge: 0.0421
2026-03-21 18:08:46,546 | polymarket | INFO | DRY RUN: Would place YES order for 540819 at 0.562126034370912196 size 20.0
2026-03-21 18:08:46,546 | utils | INFO | TRADE EXECUTED: SNIPE | Market: 540819 | Size: 20.0 | Expected P&L: N/A
2026-03-21 18:08:50,186 | strategies | INFO | 🎯 Sniping opportunity: YES at 0.60700528255054663 (edge: 0.0870)
2026-03-21 18:08:50,187 | utils | INFO | SNIPE: YES | Price: 0.6070 | Edge: 0.0870
2026-03-21 18:08:50,187 | polymarket | INFO | DRY RUN: Would place YES order for 531202 at 0.60700528255054663 size 20.0
2026-03-21 18:08:50,187 | utils | INFO | TRADE EXECUTED: SNIPE | Market: 531202 | Size: 20.0 | Expected P&L: N/A
2026-03-21 18:08:50,688 | strategies | INFO | 🎯 Sniping opportunity: NO at 0.540405643767111445 (edge: 0.0204)
2026-03-21 18:08:50,688 | utils | INFO | SNIPE: NO | Price: 0.5404 | Edge: 0.0204
2026-03-21 18:08:50,689 | polymarket | INFO | DRY RUN: Would place NO order for 540816 at 0.540405643767111445 size 20.0
2026-03-21 18:08:50,689 | utils | INFO | TRADE EXECUTED: SNIPE | Market: 540816 | Size: 20.0 | Expected P&L: N/A
2026-03-21 18:08:51,327 | strategies | INFO | 🎯 Sniping opportunity: NO at 0.564829564529632916 (edge: 0.0448)
2026-03-21 18:08:51,327 | utils | INFO | SNIPE: NO | Price: 0.5648 | Edge: 0.0448
2026-03-21 18:08:51,327 | polymarket | INFO | DRY RUN: Would place NO order for 540817 at 0.564829564529632916 size 20.0
2026-03-21 18:08:51,327 | utils | INFO | TRADE EXECUTED: SNIPE | Market: 540817 | Size: 20.0 | Expected P&L: N/A
2026-03-21 18:08:51,828 | strategies | INFO | 🎯 Sniping opportunity: YES at 0.60030102131143066 (edge: 0.0803)
2026-03-21 18:08:51,828 | utils | INFO | SNIPE: YES | Price: 0.6003 | Edge: 0.0803
2026-03-21 18:08:51,828 | polymarket | INFO | DRY RUN: Would place YES order for 540818 at 0.60030102131143066 size 20.0
2026-03-21 18:08:51,828 | utils | INFO | TRADE EXECUTED: SNIPE | Market: 540818 | Size: 20.0 | Expected P&L: N/A
2026-03-21 18:08:52,464 | strategies | INFO | 🎯 Sniping opportunity: YES at 0.61337015787517108 (edge: 0.0934)
2026-03-21 18:08:52,464 | utils | INFO | SNIPE: YES | Price: 0.6134 | Edge: 0.0934
2026-03-21 18:08:52,464 | polymarket | INFO | DRY RUN: Would place YES order for 540819 at 0.61337015787517108 size 20.0
2026-03-21 18:08:52,464 | utils | INFO | TRADE EXECUTED: SNIPE | Market: 540819 | Size: 20.0 | Expected P&L: N/A
2026-03-21 18:08:52,852 | httpx | INFO | HTTP Request: POST https://api.telegram.org/bot7377493035:AAGj7givCiG02bio_4TnVxLxV31fuOUHzqc/getUpdates "HTTP/1.1 200 OK"
2026-03-21 18:08:56,102 | strategies | INFO | 🎯 Sniping opportunity: YES at 0.59879115668459888 (edge: 0.0788)
2026-03-21 18:08:56,102 | utils | INFO | SNIPE: YES | Price: 0.5988 | Edge: 0.0788
2026-03-21 18:08:56,103 | polymarket | INFO | DRY RUN: Would place YES order for 531202 at 0.59879115668459888 size 20.0
2026-03-21 18:08:56,103 | utils | INFO | TRADE EXECUTED: SNIPE | Market: 531202 | Size: 20.0 | Expected P&L: N/A
2026-03-21 18:08:56,604 | __main__ | ERROR | Error processing market 540816: 'edge'
2026-03-21 18:08:56,605 | strategies | INFO | 🎯 Sniping opportunity: NO at 0.58177400929353114 (edge: 0.0618)
2026-03-21 18:08:56,605 | utils | INFO | SNIPE: NO | Price: 0.5818 | Edge: 0.0618
2026-03-21 18:08:56,605 | polymarket | INFO | DRY RUN: Would place NO order for 540817 at 0.58177400929353114 size 20.0
2026-03-21 18:08:56,605 | utils | INFO | TRADE EXECUTED: SNIPE | Market: 540817 | Size: 20.0 | Expected P&L: N/A
2026-03-21 18:08:57,241 | strategies | INFO | 🎯 Sniping opportunity: YES at 0.61050793655512698 (edge: 0.0905)
2026-03-21 18:08:57,241 | utils | INFO | SNIPE: YES | Price: 0.6105 | Edge: 0.0905
2026-03-21 18:08:57,241 | polymarket | INFO | DRY RUN: Would place YES order for 540818 at 0.61050793655512698 size 20.0
2026-03-21 18:08:57,241 | utils | INFO | TRADE EXECUTED: SNIPE | Market: 540818 | Size: 20.0 | Expected P&L: N/A
2026-03-21 18:08:57,742 | strategies | INFO | 🎯 Sniping opportunity: YES at 0.550632710642603533 (edge: 0.0306)
2026-03-21 18:08:57,742 | utils | INFO | SNIPE: YES | Price: 0.5506 | Edge: 0.0306
2026-03-21 18:08:57,743 | polymarket | INFO | DRY RUN: Would place YES order for 540819 at 0.550632710642603533 size 20.0
2026-03-21 18:08:57,743 | utils | INFO | TRADE EXECUTED: SNIPE | Market: 540819 | Size: 20.0 | Expected P&L: N/A
2026-03-21 18:09:01,382 | strategies | INFO | 🎯 Sniping opportunity: NO at 0.54064013902446682 (edge: 0.0206)
2026-03-21 18:09:01,383 | utils | INFO | SNIPE: NO | Price: 0.5406 | Edge: 0.0206
2026-03-21 18:09:01,385 | polymarket | INFO | DRY RUN: Would place NO order for 531202 at 0.54064013902446682 size 20.0
2026-03-21 18:09:01,385 | utils | INFO | TRADE EXECUTED: SNIPE | Market: 531202 | Size: 20.0 | Expected P&L: N/A
2026-03-21 18:09:01,887 | strategies | INFO | 🎯 Sniping opportunity: NO at 0.547024133687692437 (edge: 0.0270)
2026-03-21 18:09:01,887 | utils | INFO | SNIPE: NO | Price: 0.5470 | Edge: 0.0270
2026-03-21 18:09:01,887 | polymarket | INFO | DRY RUN: Would place NO order for 540816 at 0.547024133687692437 size 20.0
2026-03-21 18:09:01,887 | utils | INFO | TRADE EXECUTED: SNIPE | Market: 540816 | Size: 20.0 | Expected P&L: N/A
2026-03-21 18:09:02,525 | strategies | INFO | 🎯 Sniping opportunity: YES at 0.58503704703061503 (edge: 0.0650)
2026-03-21 18:09:02,525 | utils | INFO | SNIPE: YES | Price: 0.5850 | Edge: 0.0650
2026-03-21 18:09:02,525 | polymarket | INFO | DRY RUN: Would place YES order for 540817 at 0.58503704703061503 size 20.0
2026-03-21 18:09:02,525 | utils | INFO | TRADE EXECUTED: SNIPE | Market: 540817 | Size: 20.0 | Expected P&L: N/A
2026-03-21 18:09:03,024 | httpx | INFO | HTTP Request: POST https://api.telegram.org/bot7377493035:AAGj7givCiG02bio_4TnVxLxV31fuOUHzqc/getUpdates "HTTP/1.1 200 OK"
2026-03-21 18:09:03,026 | strategies | INFO | 🎯 Sniping opportunity: YES at 0.61190705828938303 (edge: 0.0919)
2026-03-21 18:09:03,026 | utils | INFO | SNIPE: YES | Price: 0.6119 | Edge: 0.0919
2026-03-21 18:09:03,026 | polymarket | INFO | DRY RUN: Would place YES order for 540818 at 0.61190705828938303 size 20.0
2026-03-21 18:09:03,026 | utils | INFO | TRADE EXECUTED: SNIPE | Market: 540818 | Size: 20.0 | Expected P&L: N/A
2026-03-21 18:09:03,661 | strategies | INFO | 🎯 Sniping opportunity: YES at 0.556672555521544165 (edge: 0.0367)
2026-03-21 18:09:03,661 | utils | INFO | SNIPE: YES | Price: 0.5567 | Edge: 0.0367
2026-03-21 18:09:03,661 | polymarket | INFO | DRY RUN: Would place YES order for 540819 at 0.556672555521544165 size 20.0
2026-03-21 18:09:03,662 | utils | INFO | TRADE EXECUTED: SNIPE | Market: 540819 | Size: 20.0 | Expected P&L: N/A
2026-03-21 18:09:07,300 | strategies | INFO | 🎯 Sniping opportunity: YES at 0.5512117095209076 (edge: 0.0312)
2026-03-21 18:09:07,300 | utils | INFO | SNIPE: YES | Price: 0.5512 | Edge: 0.0312
2026-03-21 18:09:07,300 | polymarket | INFO | DRY RUN: Would place YES order for 540816 at 0.5512117095209076 size 20.0
2026-03-21 18:09:07,301 | utils | INFO | TRADE EXECUTED: SNIPE | Market: 540816 | Size: 20.0 | Expected P&L: N/A
2026-03-21 18:09:07,802 | strategies | INFO | 🎯 Sniping opportunity: YES at 0.54953120370680179 (edge: 0.0295)
2026-03-21 18:09:07,802 | utils | INFO | SNIPE: YES | Price: 0.5495 | Edge: 0.0295
2026-03-21 18:09:07,802 | polymarket | INFO | DRY RUN: Would place YES order for 540818 at 0.54953120370680179 size 20.0
2026-03-21 18:09:07,802 | utils | INFO | TRADE EXECUTED: SNIPE | Market: 540818 | Size: 20.0 | Expected P&L: N/A
2026-03-21 18:09:08,437 | strategies | INFO | 🎯 Sniping opportunity: NO at 0.57045010860659443 (edge: 0.0505)
2026-03-21 18:09:08,438 | utils | INFO | SNIPE: NO | Price: 0.5705 | Edge: 0.0505
2026-03-21 18:09:08,438 | polymarket | INFO | DRY RUN: Would place NO order for 540819 at 0.57045010860659443 size 20.0
2026-03-21 18:09:08,438 | utils | INFO | TRADE EXECUTED: SNIPE | Market: 540819 | Size: 20.0 | Expected P&L: N/A
2026-03-21 18:09:12,074 | strategies | INFO | 🎯 Sniping opportunity: YES at 0.545148179408130994 (edge: 0.0251)
2026-03-21 18:09:12,075 | utils | INFO | SNIPE: YES | Price: 0.5451 | Edge: 0.0251
2026-03-21 18:09:12,075 | polymarket | INFO | DRY RUN: Would place YES order for 531202 at 0.545148179408130994 size 20.0
2026-03-21 18:09:12,075 | utils | INFO | TRADE EXECUTED: SNIPE | Market: 531202 | Size: 20.0 | Expected P&L: N/A
2026-03-21 18:09:12,577 | strategies | INFO | 🎯 Sniping opportunity: YES at 0.55086879081266869 (edge: 0.0309)
2026-03-21 18:09:12,577 | utils | INFO | SNIPE: YES | Price: 0.5509 | Edge: 0.0309
2026-03-21 18:09:12,577 | polymarket | INFO | DRY RUN: Would place YES order for 540817 at 0.55086879081266869 size 20.0
2026-03-21 18:09:12,577 | utils | INFO | TRADE EXECUTED: SNIPE | Market: 540817 | Size: 20.0 | Expected P&L: N/A
2026-03-21 18:09:13,196 | httpx | INFO | HTTP Request: POST https://api.telegram.org/bot7377493035:AAGj7givCiG02bio_4TnVxLxV31fuOUHzqc/getUpdates "HTTP/1.1 200 OK"
2026-03-21 18:09:13,212 | strategies | INFO | 🎯 Sniping opportunity: NO at 0.5681414218684519 (edge: 0.0481)
2026-03-21 18:09:13,212 | utils | INFO | SNIPE: NO | Price: 0.5681 | Edge: 0.0481
2026-03-21 18:09:13,212 | polymarket | INFO | DRY RUN: Would place NO order for 540819 at 0.5681414218684519 size 20.0
2026-03-21 18:09:13,213 | utils | INFO | TRADE EXECUTED: SNIPE | Market: 540819 | Size: 20.0 | Expected P&L: N/A
2026-03-21 18:09:16,850 | strategies | INFO | 🎯 Sniping opportunity: NO at 0.564929159805343205 (edge: 0.0449)
2026-03-21 18:09:16,850 | utils | INFO | SNIPE: NO | Price: 0.5649 | Edge: 0.0449
2026-03-21 18:09:16,850 | polymarket | INFO | DRY RUN: Would place NO order for 531202 at 0.564929159805343205 size 20.0
2026-03-21 18:09:16,850 | utils | INFO | TRADE EXECUTED: SNIPE | Market: 531202 | Size: 20.0 | Expected P&L: N/A
2026-03-21 18:09:17,352 | strategies | INFO | 🎯 Sniping opportunity: NO at 0.54612017136164449 (edge: 0.0261)
2026-03-21 18:09:17,352 | utils | INFO | SNIPE: NO | Price: 0.5461 | Edge: 0.0261
2026-03-21 18:09:17,352 | polymarket | INFO | DRY RUN: Would place NO order for 540816 at 0.54612017136164449 size 20.0
2026-03-21 18:09:17,352 | utils | INFO | TRADE EXECUTED: SNIPE | Market: 540816 | Size: 20.0 | Expected P&L: N/A
2026-03-21 18:09:17,987 | strategies | INFO | 🎯 Sniping opportunity: NO at 0.57851219962980665 (edge: 0.0585)
2026-03-21 18:09:17,988 | utils | INFO | SNIPE: NO | Price: 0.5785 | Edge: 0.0585
2026-03-21 18:09:17,988 | polymarket | INFO | DRY RUN: Would place NO order for 540817 at 0.57851219962980665 size 20.0
2026-03-21 18:09:17,988 | utils | INFO | TRADE EXECUTED: SNIPE | Market: 540817 | Size: 20.0 | Expected P&L: N/A
2026-03-21 18:09:18,489 | strategies | INFO | 🎯 Sniping opportunity: YES at 0.55158711873464601 (edge: 0.0316)
2026-03-21 18:09:18,489 | utils | INFO | SNIPE: YES | Price: 0.5516 | Edge: 0.0316
2026-03-21 18:09:18,489 | polymarket | INFO | DRY RUN: Would place YES order for 540818 at 0.55158711873464601 size 20.0
2026-03-21 18:09:18,490 | utils | INFO | TRADE EXECUTED: SNIPE | Market: 540818 | Size: 20.0 | Expected P&L: N/A
2026-03-21 18:09:19,124 | strategies | INFO | 🎯 Sniping opportunity: NO at 0.54916367059285152 (edge: 0.0292)
2026-03-21 18:09:19,124 | utils | INFO | SNIPE: NO | Price: 0.5492 | Edge: 0.0292
2026-03-21 18:09:19,124 | polymarket | INFO | DRY RUN: Would place NO order for 540819 at 0.54916367059285152 size 20.0
2026-03-21 18:09:19,124 | utils | INFO | TRADE EXECUTED: SNIPE | Market: 540819 | Size: 20.0 | Expected P&L: N/A
2026-03-21 18:09:22,768 | strategies | INFO | 🎯 Sniping opportunity: YES at 0.6193527079980451 (edge: 0.0994)
2026-03-21 18:09:22,769 | utils | INFO | SNIPE: YES | Price: 0.6194 | Edge: 0.0994
2026-03-21 18:09:22,769 | polymarket | INFO | DRY RUN: Would place YES order for 531202 at 0.6193527079980451 size 20.0
2026-03-21 18:09:22,769 | utils | INFO | TRADE EXECUTED: SNIPE | Market: 531202 | Size: 20.0 | Expected P&L: N/A
2026-03-21 18:09:23,272 | strategies | INFO | 🎯 Sniping opportunity: YES at 0.59630559889334379 (edge: 0.0763)
2026-03-21 18:09:23,272 | utils | INFO | SNIPE: YES | Price: 0.5963 | Edge: 0.0763
2026-03-21 18:09:23,272 | polymarket | INFO | DRY RUN: Would place YES order for 540818 at 0.59630559889334379 size 20.0
2026-03-21 18:09:23,272 | utils | INFO | TRADE EXECUTED: SNIPE | Market: 540818 | Size: 20.0 | Expected P&L: N/A
2026-03-21 18:09:23,370 | httpx | INFO | HTTP Request: POST https://api.telegram.org/bot7377493035:AAGj7givCiG02bio_4TnVxLxV31fuOUHzqc/getUpdates "HTTP/1.1 200 OK"
2026-03-21 18:09:23,916 | strategies | INFO | 🎯 Sniping opportunity: NO at 0.61445813293245334 (edge: 0.0945)
2026-03-21 18:09:23,916 | utils | INFO | SNIPE: NO | Price: 0.6145 | Edge: 0.0945
2026-03-21 18:09:23,916 | polymarket | INFO | DRY RUN: Would place NO order for 540819 at 0.61445813293245334 size 20.0
2026-03-21 18:09:23,916 | utils | INFO | TRADE EXECUTED: SNIPE | Market: 540819 | Size: 20.0 | Expected P&L: N/A
2026-03-21 18:09:27,554 | strategies | INFO | 🎯 Sniping opportunity: NO at 0.60641240697996384 (edge: 0.0864)
2026-03-21 18:09:27,554 | utils | INFO | SNIPE: NO | Price: 0.6064 | Edge: 0.0864
2026-03-21 18:09:27,555 | polymarket | INFO | DRY RUN: Would place NO order for 531202 at 0.60641240697996384 size 20.0
2026-03-21 18:09:27,555 | utils | INFO | TRADE EXECUTED: SNIPE | Market: 531202 | Size: 20.0 | Expected P&L: N/A
2026-03-21 18:09:28,057 | strategies | INFO | 🎯 Sniping opportunity: YES at 0.56873261172065091 (edge: 0.0487)
2026-03-21 18:09:28,057 | utils | INFO | SNIPE: YES | Price: 0.5687 | Edge: 0.0487
2026-03-21 18:09:28,057 | polymarket | INFO | DRY RUN: Would place YES order for 540816 at 0.56873261172065091 size 20.0
2026-03-21 18:09:28,057 | utils | INFO | TRADE EXECUTED: SNIPE | Market: 540816 | Size: 20.0 | Expected P&L: N/A
2026-03-21 18:09:28,692 | strategies | INFO | 🎯 Sniping opportunity: YES at 0.579623489159504744 (edge: 0.0596)
2026-03-21 18:09:28,693 | utils | INFO | SNIPE: YES | Price: 0.5796 | Edge: 0.0596
2026-03-21 18:09:28,693 | polymarket | INFO | DRY RUN: Would place YES order for 540817 at 0.579623489159504744 size 20.0
2026-03-21 18:09:28,693 | utils | INFO | TRADE EXECUTED: SNIPE | Market: 540817 | Size: 20.0 | Expected P&L: N/A
2026-03-21 18:09:29,194 | strategies | INFO | 🎯 Sniping opportunity: YES at 0.557408799242922564 (edge: 0.0374)
2026-03-21 18:09:29,194 | utils | INFO | SNIPE: YES | Price: 0.5574 | Edge: 0.0374
2026-03-21 18:09:29,194 | polymarket | INFO | DRY RUN: Would place YES order for 540818 at 0.557408799242922564 size 20.0
2026-03-21 18:09:29,195 | utils | INFO | TRADE EXECUTED: SNIPE | Market: 540818 | Size: 20.0 | Expected P&L: N/A
2026-03-21 18:09:29,833 | strategies | INFO | 🎯 Sniping opportunity: NO at 0.543858940040238807 (edge: 0.0239)
2026-03-21 18:09:29,833 | utils | INFO | SNIPE: NO | Price: 0.5439 | Edge: 0.0239
2026-03-21 18:09:29,834 | polymarket | INFO | DRY RUN: Would place NO order for 540819 at 0.543858940040238807 size 20.0
2026-03-21 18:09:29,834 | utils | INFO | TRADE EXECUTED: SNIPE | Market: 540819 | Size: 20.0 | Expected P&L: N/A
2026-03-21 18:09:33,473 | strategies | INFO | 🎯 Sniping opportunity: NO at 0.57469759441888109 (edge: 0.0547)
2026-03-21 18:09:33,473 | utils | INFO | SNIPE: NO | Price: 0.5747 | Edge: 0.0547
2026-03-21 18:09:33,473 | polymarket | INFO | DRY RUN: Would place NO order for 531202 at 0.57469759441888109 size 20.0
2026-03-21 18:09:33,473 | utils | INFO | TRADE EXECUTED: SNIPE | Market: 531202 | Size: 20.0 | Expected P&L: N/A
2026-03-21 18:09:33,545 | httpx | INFO | HTTP Request: POST https://api.telegram.org/bot7377493035:AAGj7givCiG02bio_4TnVxLxV31fuOUHzqc/getUpdates "HTTP/1.1 200 OK"
2026-03-21 18:09:33,974 | strategies | INFO | 🎯 Sniping opportunity: YES at 0.60428144640238386 (edge: 0.0843)
2026-03-21 18:09:33,975 | utils | INFO | SNIPE: YES | Price: 0.6043 | Edge: 0.0843
2026-03-21 18:09:33,975 | polymarket | INFO | DRY RUN: Would place YES order for 540816 at 0.60428144640238386 size 20.0
2026-03-21 18:09:33,975 | utils | INFO | TRADE EXECUTED: SNIPE | Market: 540816 | Size: 20.0 | Expected P&L: N/A
2026-03-21 18:09:34,610 | strategies | INFO | 🎯 Sniping opportunity: NO at 0.550339115482344872 (edge: 0.0303)
2026-03-21 18:09:34,611 | utils | INFO | SNIPE: NO | Price: 0.5503 | Edge: 0.0303
2026-03-21 18:09:34,611 | polymarket | INFO | DRY RUN: Would place NO order for 540817 at 0.550339115482344872 size 20.0
2026-03-21 18:09:34,611 | utils | INFO | TRADE EXECUTED: SNIPE | Market: 540817 | Size: 20.0 | Expected P&L: N/A
2026-03-21 18:09:38,252 | strategies | INFO | 🎯 Sniping opportunity: YES at 0.59871611252181385 (edge: 0.0787)
2026-03-21 18:09:38,253 | utils | INFO | SNIPE: YES | Price: 0.5987 | Edge: 0.0787
2026-03-21 18:09:38,253 | polymarket | INFO | DRY RUN: Would place YES order for 531202 at 0.59871611252181385 size 20.0
2026-03-21 18:09:38,253 | utils | INFO | TRADE EXECUTED: SNIPE | Market: 531202 | Size: 20.0 | Expected P&L: N/A
2026-03-21 18:09:38,754 | strategies | INFO | 🎯 Sniping opportunity: YES at 0.59101069820201941 (edge: 0.0710)
2026-03-21 18:09:38,754 | utils | INFO | SNIPE: YES | Price: 0.5910 | Edge: 0.0710
2026-03-21 18:09:38,755 | polymarket | INFO | DRY RUN: Would place YES order for 540817 at 0.59101069820201941 size 20.0
2026-03-21 18:09:38,755 | utils | INFO | TRADE EXECUTED: SNIPE | Market: 540817 | Size: 20.0 | Expected P&L: N/A
2026-03-21 18:09:39,390 | strategies | INFO | 🎯 Sniping opportunity: YES at 0.56696539469998656 (edge: 0.0470)
2026-03-21 18:09:39,391 | utils | INFO | SNIPE: YES | Price: 0.5670 | Edge: 0.0470
2026-03-21 18:09:39,391 | polymarket | INFO | DRY RUN: Would place YES order for 540818 at 0.56696539469998656 size 20.0
2026-03-21 18:09:39,391 | utils | INFO | TRADE EXECUTED: SNIPE | Market: 540818 | Size: 20.0 | Expected P&L: N/A
2026-03-21 18:09:39,892 | strategies | INFO | 🎯 Sniping opportunity: YES at 0.60446440941519875 (edge: 0.0845)
2026-03-21 18:09:39,893 | utils | INFO | SNIPE: YES | Price: 0.6045 | Edge: 0.0845
2026-03-21 18:09:39,893 | polymarket | INFO | DRY RUN: Would place YES order for 540819 at 0.60446440941519875 size 20.0
2026-03-21 18:09:39,893 | utils | INFO | TRADE EXECUTED: SNIPE | Market: 540819 | Size: 20.0 | Expected P&L: N/A
2026-03-21 18:09:43,533 | strategies | INFO | 🎯 Sniping opportunity: NO at 0.570333829497789286 (edge: 0.0503)
2026-03-21 18:09:43,533 | utils | INFO | SNIPE: NO | Price: 0.5703 | Edge: 0.0503
2026-03-21 18:09:43,534 | polymarket | INFO | DRY RUN: Would place NO order for 540816 at 0.570333829497789286 size 20.0
2026-03-21 18:09:43,534 | utils | INFO | TRADE EXECUTED: SNIPE | Market: 540816 | Size: 20.0 | Expected P&L: N/A
2026-03-21 18:09:43,725 | httpx | INFO | HTTP Request: POST https://api.telegram.org/bot7377493035:AAGj7givCiG02bio_4TnVxLxV31fuOUHzqc/getUpdates "HTTP/1.1 200 OK"
2026-03-21 18:09:44,035 | strategies | INFO | 🎯 Sniping opportunity: YES at 0.578781804958945 (edge: 0.0588)
2026-03-21 18:09:44,036 | utils | INFO | SNIPE: YES | Price: 0.5788 | Edge: 0.0588
2026-03-21 18:09:44,036 | polymarket | INFO | DRY RUN: Would place YES order for 540818 at 0.578781804958945 size 20.0
2026-03-21 18:09:44,036 | utils | INFO | TRADE EXECUTED: SNIPE | Market: 540818 | Size: 20.0 | Expected P&L: N/A
2026-03-21 18:09:44,673 | strategies | INFO | 🎯 Sniping opportunity: YES at 0.60164004002965106 (edge: 0.0816)
2026-03-21 18:09:44,674 | utils | INFO | SNIPE: YES | Price: 0.6016 | Edge: 0.0816
2026-03-21 18:09:44,674 | polymarket | INFO | DRY RUN: Would place YES order for 540819 at 0.60164004002965106 size 20.0
2026-03-21 18:09:44,674 | utils | INFO | TRADE EXECUTED: SNIPE | Market: 540819 | Size: 20.0 | Expected P&L: N/A
2026-03-21 18:09:48,312 | strategies | INFO | 🎯 Sniping opportunity: YES at 0.568342439106136864 (edge: 0.0483)
2026-03-21 18:09:48,312 | utils | INFO | SNIPE: YES | Price: 0.5683 | Edge: 0.0483
2026-03-21 18:09:48,313 | polymarket | INFO | DRY RUN: Would place YES order for 531202 at 0.568342439106136864 size 20.0
2026-03-21 18:09:48,313 | utils | INFO | TRADE EXECUTED: SNIPE | Market: 531202 | Size: 20.0 | Expected P&L: N/A
2026-03-21 18:09:48,814 | strategies | INFO | 🎯 Sniping opportunity: YES at 0.56492025830099361 (edge: 0.0449)
2026-03-21 18:09:48,814 | utils | INFO | SNIPE: YES | Price: 0.5649 | Edge: 0.0449
2026-03-21 18:09:48,814 | polymarket | INFO | DRY RUN: Would place YES order for 540816 at 0.56492025830099361 size 20.0
2026-03-21 18:09:48,814 | utils | INFO | TRADE EXECUTED: SNIPE | Market: 540816 | Size: 20.0 | Expected P&L: N/A
2026-03-21 18:09:49,448 | strategies | INFO | 🎯 Sniping opportunity: NO at 0.58104334539602403 (edge: 0.0610)
2026-03-21 18:09:49,449 | utils | INFO | SNIPE: NO | Price: 0.5810 | Edge: 0.0610
2026-03-21 18:09:49,449 | polymarket | INFO | DRY RUN: Would place NO order for 540817 at 0.58104334539602403 size 20.0
2026-03-21 18:09:49,449 | utils | INFO | TRADE EXECUTED: SNIPE | Market: 540817 | Size: 20.0 | Expected P&L: N/A
2026-03-21 18:09:49,950 | strategies | INFO | 🎯 Sniping opportunity: NO at 0.571036827337737116 (edge: 0.0510)
2026-03-21 18:09:49,950 | utils | INFO | SNIPE: NO | Price: 0.5710 | Edge: 0.0510
2026-03-21 18:09:49,950 | polymarket | INFO | DRY RUN: Would place NO order for 540818 at 0.571036827337737116 size 20.0
2026-03-21 18:09:49,950 | utils | INFO | TRADE EXECUTED: SNIPE | Market: 540818 | Size: 20.0 | Expected P&L: N/A
2026-03-21 18:09:50,586 | strategies | INFO | 🎯 Sniping opportunity: YES at 0.55716840121767287 (edge: 0.0372)
2026-03-21 18:09:50,587 | utils | INFO | SNIPE: YES | Price: 0.5572 | Edge: 0.0372
2026-03-21 18:09:50,587 | polymarket | INFO | DRY RUN: Would place YES order for 540819 at 0.55716840121767287 size 20.0
2026-03-21 18:09:50,587 | utils | INFO | TRADE EXECUTED: SNIPE | Market: 540819 | Size: 20.0 | Expected P&L: N/A
2026-03-21 18:09:53,902 | httpx | INFO | HTTP Request: POST https://api.telegram.org/bot7377493035:AAGj7givCiG02bio_4TnVxLxV31fuOUHzqc/getUpdates "HTTP/1.1 200 OK"
2026-03-21 18:09:54,240 | strategies | INFO | 🎯 Sniping opportunity: YES at 0.6173101192453466 (edge: 0.0973)
2026-03-21 18:09:54,241 | utils | INFO | SNIPE: YES | Price: 0.6173 | Edge: 0.0973
2026-03-21 18:09:54,241 | polymarket | INFO | DRY RUN: Would place YES order for 531202 at 0.6173101192453466 size 20.0
2026-03-21 18:09:54,241 | utils | INFO | TRADE EXECUTED: SNIPE | Market: 531202 | Size: 20.0 | Expected P&L: N/A
2026-03-21 18:09:54,742 | strategies | INFO | 🎯 Sniping opportunity: NO at 0.57167631465075524 (edge: 0.0517)
2026-03-21 18:09:54,742 | utils | INFO | SNIPE: NO | Price: 0.5717 | Edge: 0.0517
2026-03-21 18:09:54,742 | polymarket | INFO | DRY RUN: Would place NO order for 540816 at 0.57167631465075524 size 20.0
2026-03-21 18:09:54,743 | utils | INFO | TRADE EXECUTED: SNIPE | Market: 540816 | Size: 20.0 | Expected P&L: N/A
2026-03-21 18:09:55,378 | strategies | INFO | 🎯 Sniping opportunity: NO at 0.5871036706739991 (edge: 0.0671)
2026-03-21 18:09:55,378 | utils | INFO | SNIPE: NO | Price: 0.5871 | Edge: 0.0671
2026-03-21 18:09:55,378 | polymarket | INFO | DRY RUN: Would place NO order for 540817 at 0.5871036706739991 size 20.0
2026-03-21 18:09:55,378 | utils | INFO | TRADE EXECUTED: SNIPE | Market: 540817 | Size: 20.0 | Expected P&L: N/A
2026-03-21 18:09:55,879 | strategies | INFO | 🎯 Sniping opportunity: YES at 0.59432180180412049 (edge: 0.0743)
2026-03-21 18:09:55,880 | utils | INFO | SNIPE: YES | Price: 0.5943 | Edge: 0.0743
2026-03-21 18:09:55,880 | polymarket | INFO | DRY RUN: Would place YES order for 540818 at 0.59432180180412049 size 20.0
2026-03-21 18:09:55,880 | utils | INFO | TRADE EXECUTED: SNIPE | Market: 540818 | Size: 20.0 | Expected P&L: N/A
2026-03-21 18:09:56,517 | strategies | INFO | 🎯 Sniping opportunity: NO at 0.55609477993344945 (edge: 0.0361)
2026-03-21 18:09:56,517 | utils | INFO | SNIPE: NO | Price: 0.5561 | Edge: 0.0361
2026-03-21 18:09:56,517 | polymarket | INFO | DRY RUN: Would place NO order for 540819 at 0.55609477993344945 size 20.0
2026-03-21 18:09:56,517 | utils | INFO | TRADE EXECUTED: SNIPE | Market: 540819 | Size: 20.0 | Expected P&L: N/A
2026-03-21 18:10:00,152 | strategies | INFO | 🎯 Sniping opportunity: YES at 0.5905517714343997 (edge: 0.0706)
2026-03-21 18:10:00,152 | utils | INFO | SNIPE: YES | Price: 0.5906 | Edge: 0.0706
2026-03-21 18:10:00,152 | polymarket | INFO | DRY RUN: Would place YES order for 531202 at 0.5905517714343997 size 20.0
2026-03-21 18:10:00,152 | utils | INFO | TRADE EXECUTED: SNIPE | Market: 531202 | Size: 20.0 | Expected P&L: N/A
2026-03-21 18:10:00,653 | strategies | INFO | 🎯 Sniping opportunity: NO at 0.58992708766059426 (edge: 0.0699)
2026-03-21 18:10:00,654 | utils | INFO | SNIPE: NO | Price: 0.5899 | Edge: 0.0699
2026-03-21 18:10:00,654 | polymarket | INFO | DRY RUN: Would place NO order for 540816 at 0.58992708766059426 size 20.0
2026-03-21 18:10:00,654 | utils | INFO | TRADE EXECUTED: SNIPE | Market: 540816 | Size: 20.0 | Expected P&L: N/A
2026-03-21 18:10:01,289 | strategies | INFO | 🎯 Sniping opportunity: NO at 0.55554523675624735 (edge: 0.0355)
2026-03-21 18:10:01,289 | utils | INFO | SNIPE: NO | Price: 0.5555 | Edge: 0.0355
2026-03-21 18:10:01,290 | polymarket | INFO | DRY RUN: Would place NO order for 540817 at 0.55554523675624735 size 20.0
2026-03-21 18:10:01,290 | utils | INFO | TRADE EXECUTED: SNIPE | Market: 540817 | Size: 20.0 | Expected P&L: N/A
2026-03-21 18:10:01,791 | strategies | INFO | 🎯 Sniping opportunity: NO at 0.58856756799070682 (edge: 0.0686)
2026-03-21 18:10:01,791 | utils | INFO | SNIPE: NO | Price: 0.5886 | Edge: 0.0686
2026-03-21 18:10:01,791 | polymarket | INFO | DRY RUN: Would place NO order for 540818 at 0.58856756799070682 size 20.0
2026-03-21 18:10:01,791 | utils | INFO | TRADE EXECUTED: SNIPE | Market: 540818 | Size: 20.0 | Expected P&L: N/A
2026-03-21 18:10:02,433 | strategies | INFO | 🎯 Sniping opportunity: YES at 0.56427518689944149 (edge: 0.0443)
2026-03-21 18:10:02,433 | utils | INFO | SNIPE: YES | Price: 0.5643 | Edge: 0.0443
2026-03-21 18:10:02,433 | polymarket | INFO | DRY RUN: Would place YES order for 540819 at 0.56427518689944149 size 20.0
2026-03-21 18:10:02,433 | utils | INFO | TRADE EXECUTED: SNIPE | Market: 540819 | Size: 20.0 | Expected P&L: N/A
2026-03-21 18:10:04,077 | httpx | INFO | HTTP Request: POST https://api.telegram.org/bot7377493035:AAGj7givCiG02bio_4TnVxLxV31fuOUHzqc/getUpdates "HTTP/1.1 200 OK"
2026-03-21 18:10:06,071 | strategies | INFO | 🎯 Sniping opportunity: YES at 0.60494642241796668 (edge: 0.0849)
2026-03-21 18:10:06,071 | utils | INFO | SNIPE: YES | Price: 0.6049 | Edge: 0.0849
2026-03-21 18:10:06,071 | polymarket | INFO | DRY RUN: Would place YES order for 531202 at 0.60494642241796668 size 20.0
2026-03-21 18:10:06,071 | utils | INFO | TRADE EXECUTED: SNIPE | Market: 531202 | Size: 20.0 | Expected P&L: N/A
2026-03-21 18:10:06,572 | strategies | INFO | 🎯 Sniping opportunity: YES at 0.56276319043814339 (edge: 0.0428)
2026-03-21 18:10:06,572 | utils | INFO | SNIPE: YES | Price: 0.5628 | Edge: 0.0428
2026-03-21 18:10:06,572 | polymarket | INFO | DRY RUN: Would place YES order for 540816 at 0.56276319043814339 size 20.0
2026-03-21 18:10:06,573 | utils | INFO | TRADE EXECUTED: SNIPE | Market: 540816 | Size: 20.0 | Expected P&L: N/A
2026-03-21 18:10:07,209 | strategies | INFO | 🎯 Sniping opportunity: YES at 0.57270618468015362 (edge: 0.0527)
2026-03-21 18:10:07,209 | utils | INFO | SNIPE: YES | Price: 0.5727 | Edge: 0.0527
2026-03-21 18:10:07,210 | polymarket | INFO | DRY RUN: Would place YES order for 540817 at 0.57270618468015362 size 20.0
2026-03-21 18:10:07,210 | utils | INFO | TRADE EXECUTED: SNIPE | Market: 540817 | Size: 20.0 | Expected P&L: N/A
2026-03-21 18:10:07,711 | strategies | INFO | 🎯 Sniping opportunity: YES at 0.580785968045355465 (edge: 0.0608)
2026-03-21 18:10:07,711 | utils | INFO | SNIPE: YES | Price: 0.5808 | Edge: 0.0608
2026-03-21 18:10:07,712 | polymarket | INFO | DRY RUN: Would place YES order for 540819 at 0.580785968045355465 size 20.0
2026-03-21 18:10:07,712 | utils | INFO | TRADE EXECUTED: SNIPE | Market: 540819 | Size: 20.0 | Expected P&L: N/A
2026-03-21 18:10:11,351 | strategies | INFO | 🎯 Sniping opportunity: NO at 0.59553175326352662 (edge: 0.0755)
2026-03-21 18:10:11,351 | utils | INFO | SNIPE: NO | Price: 0.5955 | Edge: 0.0755
2026-03-21 18:10:11,351 | polymarket | INFO | DRY RUN: Would place NO order for 531202 at 0.59553175326352662 size 20.0
2026-03-21 18:10:11,351 | utils | INFO | TRADE EXECUTED: SNIPE | Market: 531202 | Size: 20.0 | Expected P&L: N/A
2026-03-21 18:10:11,852 | strategies | INFO | 🎯 Sniping opportunity: YES at 0.58870508497042135 (edge: 0.0687)
2026-03-21 18:10:11,852 | utils | INFO | SNIPE: YES | Price: 0.5887 | Edge: 0.0687
2026-03-21 18:10:11,852 | polymarket | INFO | DRY RUN: Would place YES order for 540816 at 0.58870508497042135 size 20.0
2026-03-21 18:10:11,852 | utils | INFO | TRADE EXECUTED: SNIPE | Market: 540816 | Size: 20.0 | Expected P&L: N/A
2026-03-21 18:10:12,490 | strategies | INFO | 🎯 Sniping opportunity: YES at 0.559508977520974986 (edge: 0.0395)
2026-03-21 18:10:12,491 | utils | INFO | SNIPE: YES | Price: 0.5595 | Edge: 0.0395
2026-03-21 18:10:12,491 | polymarket | INFO | DRY RUN: Would place YES order for 540817 at 0.559508977520974986 size 20.0
2026-03-21 18:10:12,491 | utils | INFO | TRADE EXECUTED: SNIPE | Market: 540817 | Size: 20.0 | Expected P&L: N/A
2026-03-21 18:10:12,992 | strategies | INFO | 🎯 Sniping opportunity: YES at 0.60740770113849536 (edge: 0.0874)
2026-03-21 18:10:12,992 | utils | INFO | SNIPE: YES | Price: 0.6074 | Edge: 0.0874
2026-03-21 18:10:12,992 | polymarket | INFO | DRY RUN: Would place YES order for 540818 at 0.60740770113849536 size 20.0
2026-03-21 18:10:12,992 | utils | INFO | TRADE EXECUTED: SNIPE | Market: 540818 | Size: 20.0 | Expected P&L: N/A
2026-03-21 18:10:14,251 | httpx | INFO | HTTP Request: POST https://api.telegram.org/bot7377493035:AAGj7givCiG02bio_4TnVxLxV31fuOUHzqc/getUpdates "HTTP/1.1 200 OK"
2026-03-21 18:10:16,768 | strategies | INFO | 🎯 Sniping opportunity: YES at 0.59445854753502254 (edge: 0.0745)
2026-03-21 18:10:16,768 | utils | INFO | SNIPE: YES | Price: 0.5945 | Edge: 0.0745
2026-03-21 18:10:16,768 | polymarket | INFO | DRY RUN: Would place YES order for 540816 at 0.59445854753502254 size 20.0
2026-03-21 18:10:16,768 | utils | INFO | TRADE EXECUTED: SNIPE | Market: 540816 | Size: 20.0 | Expected P&L: N/A
2026-03-21 18:10:17,269 | strategies | INFO | 🎯 Sniping opportunity: NO at 0.58683660522733462 (edge: 0.0668)
2026-03-21 18:10:17,270 | utils | INFO | SNIPE: NO | Price: 0.5868 | Edge: 0.0668
2026-03-21 18:10:17,270 | polymarket | INFO | DRY RUN: Would place NO order for 540817 at 0.58683660522733462 size 20.0
2026-03-21 18:10:17,270 | utils | INFO | TRADE EXECUTED: SNIPE | Market: 540817 | Size: 20.0 | Expected P&L: N/A
2026-03-21 18:10:17,905 | strategies | INFO | 🎯 Sniping opportunity: YES at 0.59290163131680391 (edge: 0.0729)
2026-03-21 18:10:17,905 | utils | INFO | SNIPE: YES | Price: 0.5929 | Edge: 0.0729
2026-03-21 18:10:17,905 | polymarket | INFO | DRY RUN: Would place YES order for 540818 at 0.59290163131680391 size 20.0
2026-03-21 18:10:17,905 | utils | INFO | TRADE EXECUTED: SNIPE | Market: 540818 | Size: 20.0 | Expected P&L: N/A
2026-03-21 18:10:18,406 | strategies | INFO | 🎯 Sniping opportunity: YES at 0.5528481161443612 (edge: 0.0328)
2026-03-21 18:10:18,407 | utils | INFO | SNIPE: YES | Price: 0.5528 | Edge: 0.0328
2026-03-21 18:10:18,407 | polymarket | INFO | DRY RUN: Would place YES order for 540819 at 0.5528481161443612 size 20.0
2026-03-21 18:10:18,407 | utils | INFO | TRADE EXECUTED: SNIPE | Market: 540819 | Size: 20.0 | Expected P&L: N/A
2026-03-21 18:10:22,048 | strategies | INFO | 🎯 Sniping opportunity: NO at 0.60308615588045508 (edge: 0.0831)
2026-03-21 18:10:22,048 | utils | INFO | SNIPE: NO | Price: 0.6031 | Edge: 0.0831
2026-03-21 18:10:22,048 | polymarket | INFO | DRY RUN: Would place NO order for 531202 at 0.60308615588045508 size 20.0
2026-03-21 18:10:22,048 | utils | INFO | TRADE EXECUTED: SNIPE | Market: 531202 | Size: 20.0 | Expected P&L: N/A
2026-03-21 18:10:22,549 | strategies | INFO | 🎯 Sniping opportunity: YES at 0.549505023623141502 (edge: 0.0295)
2026-03-21 18:10:22,549 | utils | INFO | SNIPE: YES | Price: 0.5495 | Edge: 0.0295
2026-03-21 18:10:22,550 | polymarket | INFO | DRY RUN: Would place YES order for 540816 at 0.549505023623141502 size 20.0
2026-03-21 18:10:22,550 | utils | INFO | TRADE EXECUTED: SNIPE | Market: 540816 | Size: 20.0 | Expected P&L: N/A
2026-03-21 18:10:23,186 | strategies | INFO | 🎯 Sniping opportunity: YES at 0.54768071597277283 (edge: 0.0277)
2026-03-21 18:10:23,187 | utils | INFO | SNIPE: YES | Price: 0.5477 | Edge: 0.0277
2026-03-21 18:10:23,187 | polymarket | INFO | DRY RUN: Would place YES order for 540818 at 0.54768071597277283 size 20.0
2026-03-21 18:10:23,187 | utils | INFO | TRADE EXECUTED: SNIPE | Market: 540818 | Size: 20.0 | Expected P&L: N/A
2026-03-21 18:10:24,430 | httpx | INFO | HTTP Request: POST https://api.telegram.org/bot7377493035:AAGj7givCiG02bio_4TnVxLxV31fuOUHzqc/getUpdates "HTTP/1.1 200 OK"
2026-03-21 18:10:26,826 | strategies | INFO | 🎯 Sniping opportunity: YES at 0.6039531728742828 (edge: 0.0840)
2026-03-21 18:10:26,827 | utils | INFO | SNIPE: YES | Price: 0.6040 | Edge: 0.0840
2026-03-21 18:10:26,827 | polymarket | INFO | DRY RUN: Would place YES order for 531202 at 0.6039531728742828 size 20.0
2026-03-21 18:10:26,827 | utils | INFO | TRADE EXECUTED: SNIPE | Market: 531202 | Size: 20.0 | Expected P&L: N/A
2026-03-21 18:10:27,328 | strategies | INFO | 🎯 Sniping opportunity: YES at 0.578891599196633754 (edge: 0.0589)
2026-03-21 18:10:27,329 | utils | INFO | SNIPE: YES | Price: 0.5789 | Edge: 0.0589
2026-03-21 18:10:27,329 | polymarket | INFO | DRY RUN: Would place YES order for 540816 at 0.578891599196633754 size 20.0
2026-03-21 18:10:27,329 | utils | INFO | TRADE EXECUTED: SNIPE | Market: 540816 | Size: 20.0 | Expected P&L: N/A
2026-03-21 18:10:27,963 | __main__ | ERROR | Error processing market 540817: 'edge'
2026-03-21 18:10:27,963 | strategies | INFO | 🎯 Sniping opportunity: YES at 0.54013588526429269 (edge: 0.0201)
2026-03-21 18:10:27,964 | utils | INFO | SNIPE: YES | Price: 0.5401 | Edge: 0.0201
2026-03-21 18:10:27,964 | polymarket | INFO | DRY RUN: Would place YES order for 540818 at 0.54013588526429269 size 20.0
2026-03-21 18:10:27,964 | utils | INFO | TRADE EXECUTED: SNIPE | Market: 540818 | Size: 20.0 | Expected P&L: N/A
2026-03-21 18:10:28,466 | strategies | INFO | 🎯 Sniping opportunity: NO at 0.59860841069722131 (edge: 0.0786)
2026-03-21 18:10:28,466 | utils | INFO | SNIPE: NO | Price: 0.5986 | Edge: 0.0786
2026-03-21 18:10:28,466 | polymarket | INFO | DRY RUN: Would place NO order for 540819 at 0.59860841069722131 size 20.0
2026-03-21 18:10:28,466 | utils | INFO | TRADE EXECUTED: SNIPE | Market: 540819 | Size: 20.0 | Expected P&L: N/A
2026-03-21 18:10:32,103 | strategies | INFO | 🎯 Sniping opportunity: NO at 0.580254939416178634 (edge: 0.0603)
2026-03-21 18:10:32,103 | utils | INFO | SNIPE: NO | Price: 0.5803 | Edge: 0.0603
2026-03-21 18:10:32,103 | polymarket | INFO | DRY RUN: Would place NO order for 540816 at 0.580254939416178634 size 20.0
2026-03-21 18:10:32,103 | utils | INFO | TRADE EXECUTED: SNIPE | Market: 540816 | Size: 20.0 | Expected P&L: N/A
2026-03-21 18:10:32,604 | strategies | INFO | 🎯 Sniping opportunity: NO at 0.5899982603672567 (edge: 0.0700)
2026-03-21 18:10:32,605 | utils | INFO | SNIPE: NO | Price: 0.5900 | Edge: 0.0700
2026-03-21 18:10:32,606 | polymarket | INFO | DRY RUN: Would place NO order for 540817 at 0.5899982603672567 size 20.0
2026-03-21 18:10:32,606 | utils | INFO | TRADE EXECUTED: SNIPE | Market: 540817 | Size: 20.0 | Expected P&L: N/A
2026-03-21 18:10:33,241 | strategies | INFO | 🎯 Sniping opportunity: NO at 0.58370015508723453 (edge: 0.0637)
2026-03-21 18:10:33,242 | utils | INFO | SNIPE: NO | Price: 0.5837 | Edge: 0.0637
2026-03-21 18:10:33,242 | polymarket | INFO | DRY RUN: Would place NO order for 540818 at 0.58370015508723453 size 20.0
2026-03-21 18:10:33,242 | utils | INFO | TRADE EXECUTED: SNIPE | Market: 540818 | Size: 20.0 | Expected P&L: N/A
2026-03-21 18:10:33,743 | strategies | INFO | 🎯 Sniping opportunity: YES at 0.59449236486990984 (edge: 0.0745)
2026-03-21 18:10:33,743 | utils | INFO | SNIPE: YES | Price: 0.5945 | Edge: 0.0745
2026-03-21 18:10:33,743 | polymarket | INFO | DRY RUN: Would place YES order for 540819 at 0.59449236486990984 size 20.0
2026-03-21 18:10:33,743 | utils | INFO | TRADE EXECUTED: SNIPE | Market: 540819 | Size: 20.0 | Expected P&L: N/A
2026-03-21 18:10:34,613 | httpx | INFO | HTTP Request: POST https://api.telegram.org/bot7377493035:AAGj7givCiG02bio_4TnVxLxV31fuOUHzqc/getUpdates "HTTP/1.1 200 OK"
2026-03-21 18:10:37,382 | strategies | INFO | 🎯 Sniping opportunity: YES at 0.579847703549509496 (edge: 0.0598)
2026-03-21 18:10:37,382 | utils | INFO | SNIPE: YES | Price: 0.5798 | Edge: 0.0598
2026-03-21 18:10:37,382 | polymarket | INFO | DRY RUN: Would place YES order for 531202 at 0.579847703549509496 size 20.0
2026-03-21 18:10:37,382 | utils | INFO | TRADE EXECUTED: SNIPE | Market: 531202 | Size: 20.0 | Expected P&L: N/A
2026-03-21 18:10:37,883 | strategies | INFO | 🎯 Sniping opportunity: YES at 0.55261874848017668 (edge: 0.0326)
2026-03-21 18:10:37,884 | utils | INFO | SNIPE: YES | Price: 0.5526 | Edge: 0.0326
2026-03-21 18:10:37,884 | polymarket | INFO | DRY RUN: Would place YES order for 540816 at 0.55261874848017668 size 20.0
2026-03-21 18:10:37,884 | utils | INFO | TRADE EXECUTED: SNIPE | Market: 540816 | Size: 20.0 | Expected P&L: N/A
2026-03-21 18:10:38,521 | strategies | INFO | 🎯 Sniping opportunity: NO at 0.59564250726462851 (edge: 0.0756)
2026-03-21 18:10:38,521 | utils | INFO | SNIPE: NO | Price: 0.5956 | Edge: 0.0756
2026-03-21 18:10:38,521 | polymarket | INFO | DRY RUN: Would place NO order for 540817 at 0.59564250726462851 size 20.0
2026-03-21 18:10:38,521 | utils | INFO | TRADE EXECUTED: SNIPE | Market: 540817 | Size: 20.0 | Expected P&L: N/A
2026-03-21 18:10:39,022 | strategies | INFO | 🎯 Sniping opportunity: YES at 0.54637578097720364 (edge: 0.0264)
2026-03-21 18:10:39,022 | utils | INFO | SNIPE: YES | Price: 0.5464 | Edge: 0.0264
2026-03-21 18:10:39,022 | polymarket | INFO | DRY RUN: Would place YES order for 540818 at 0.54637578097720364 size 20.0
2026-03-21 18:10:39,023 | utils | INFO | TRADE EXECUTED: SNIPE | Market: 540818 | Size: 20.0 | Expected P&L: N/A
2026-03-21 18:10:39,659 | strategies | INFO | 🎯 Sniping opportunity: NO at 0.56491338730239265 (edge: 0.0449)
2026-03-21 18:10:39,659 | utils | INFO | SNIPE: NO | Price: 0.5649 | Edge: 0.0449
2026-03-21 18:10:39,659 | polymarket | INFO | DRY RUN: Would place NO order for 540819 at 0.56491338730239265 size 20.0
2026-03-21 18:10:39,659 | utils | INFO | TRADE EXECUTED: SNIPE | Market: 540819 | Size: 20.0 | Expected P&L: N/A
2026-03-21 18:10:43,297 | strategies | INFO | 🎯 Sniping opportunity: YES at 0.54079386054933044 (edge: 0.0208)
2026-03-21 18:10:43,297 | utils | INFO | SNIPE: YES | Price: 0.5408 | Edge: 0.0208
2026-03-21 18:10:43,297 | polymarket | INFO | DRY RUN: Would place YES order for 531202 at 0.54079386054933044 size 20.0
2026-03-21 18:10:43,297 | utils | INFO | TRADE EXECUTED: SNIPE | Market: 531202 | Size: 20.0 | Expected P&L: N/A
2026-03-21 18:10:43,798 | strategies | INFO | 🎯 Sniping opportunity: YES at 0.60405230873269617 (edge: 0.0841)
2026-03-21 18:10:43,798 | utils | INFO | SNIPE: YES | Price: 0.6041 | Edge: 0.0841
2026-03-21 18:10:43,798 | polymarket | INFO | DRY RUN: Would place YES order for 540816 at 0.60405230873269617 size 20.0
2026-03-21 18:10:43,799 | utils | INFO | TRADE EXECUTED: SNIPE | Market: 540816 | Size: 20.0 | Expected P&L: N/A
2026-03-21 18:10:44,436 | strategies | INFO | 🎯 Sniping opportunity: YES at 0.553755256580879855 (edge: 0.0338)
2026-03-21 18:10:44,437 | utils | INFO | SNIPE: YES | Price: 0.5538 | Edge: 0.0338
2026-03-21 18:10:44,437 | polymarket | INFO | DRY RUN: Would place YES order for 540817 at 0.553755256580879855 size 20.0
2026-03-21 18:10:44,437 | utils | INFO | TRADE EXECUTED: SNIPE | Market: 540817 | Size: 20.0 | Expected P&L: N/A
2026-03-21 18:10:44,786 | httpx | INFO | HTTP Request: POST https://api.telegram.org/bot7377493035:AAGj7givCiG02bio_4TnVxLxV31fuOUHzqc/getUpdates "HTTP/1.1 200 OK"
2026-03-21 18:10:44,937 | strategies | INFO | 🎯 Sniping opportunity: NO at 0.549490945381945258 (edge: 0.0295)
2026-03-21 18:10:44,938 | utils | INFO | SNIPE: NO | Price: 0.5495 | Edge: 0.0295
2026-03-21 18:10:44,938 | polymarket | INFO | DRY RUN: Would place NO order for 540818 at 0.549490945381945258 size 20.0
